[0.000000] (-) TimerEvent: {}
[0.000677] (ble_localization) JobQueued: {'identifier': 'ble_localization', 'dependencies': OrderedDict()}
[0.000862] (cmd_vel_bridge) JobQueued: {'identifier': 'cmd_vel_bridge', 'dependencies': OrderedDict()}
[0.000913] (my_robot_interfaces) JobQueued: {'identifier': 'my_robot_interfaces', 'dependencies': OrderedDict()}
[0.000940] (robot_description) JobQueued: {'identifier': 'robot_description', 'dependencies': OrderedDict()}
[0.000966] (tf2_learning) JobQueued: {'identifier': 'tf2_learning', 'dependencies': OrderedDict()}
[0.000991] (my_first_robot) JobQueued: {'identifier': 'my_first_robot', 'dependencies': OrderedDict({'my_robot_interfaces': '/home/jazib-manzoor/ros2_ws/install/my_robot_interfaces'})}
[0.001074] (my_robot_interfaces) JobStarted: {'identifier': 'my_robot_interfaces'}
[0.013996] (ble_localization) JobStarted: {'identifier': 'ble_localization'}
[0.028410] (cmd_vel_bridge) JobStarted: {'identifier': 'cmd_vel_bridge'}
[0.039717] (robot_description) JobStarted: {'identifier': 'robot_description'}
[0.050396] (tf2_learning) JobStarted: {'identifier': 'tf2_learning'}
[0.064015] (my_robot_interfaces) JobProgress: {'identifier': 'my_robot_interfaces', 'progress': 'cmake'}
[0.065832] (my_robot_interfaces) JobProgress: {'identifier': 'my_robot_interfaces', 'progress': 'build'}
[0.067354] (my_robot_interfaces) Command: {'cmd': ['/usr/bin/cmake', '--build', '/home/jazib-manzoor/ros2_ws/build/my_robot_interfaces', '--', '-j12', '-l12'], 'cwd': '/home/jazib-manzoor/ros2_ws/build/my_robot_interfaces', 'env': OrderedDict({'PYTHON_BASIC_REPL': '1', 'LESSOPEN': '| /usr/bin/lesspipe %s', 'GZ_SIM_RESOURCE_PATH': '/opt/ros/jazzy/share', 'USER': 'jazib-manzoor', 'GZ_CONFIG_PATH': '/opt/ros/jazzy/opt/gz_sim_vendor/share/gz:/opt/ros/jazzy/opt/sdformat_vendor/share/gz:/opt/ros/jazzy/opt/gz_gui_vendor/share/gz:/opt/ros/jazzy/opt/gz_transport_vendor/share/gz:/opt/ros/jazzy/opt/gz_rendering_vendor/share/gz:/opt/ros/jazzy/opt/gz_plugin_vendor/share/gz:/opt/ros/jazzy/opt/gz_fuel_tools_vendor/share/gz:/opt/ros/jazzy/opt/gz_msgs_vendor/share/gz:/opt/ros/jazzy/opt/gz_common_vendor/share/gz', 'XDG_SESSION_TYPE': 'x11', 'SHLVL': '2', 'LD_LIBRARY_PATH': '/home/jazib-manzoor/ros2_ws/install/my_robot_interfaces/lib:/opt/ros/jazzy/opt/gz_sim_vendor/lib:/opt/ros/jazzy/opt/gz_sensors_vendor/lib:/opt/ros/jazzy/opt/gz_physics_vendor/lib:/opt/ros/jazzy/opt/sdformat_vendor/lib:/opt/ros/jazzy/opt/rviz_ogre_vendor/lib:/opt/ros/jazzy/lib/x86_64-linux-gnu:/opt/ros/jazzy/opt/gz_gui_vendor/lib:/opt/ros/jazzy/opt/gz_transport_vendor/lib:/opt/ros/jazzy/opt/gz_rendering_vendor/lib:/opt/ros/jazzy/opt/gz_plugin_vendor/lib:/opt/ros/jazzy/opt/gz_fuel_tools_vendor/lib:/opt/ros/jazzy/opt/gz_msgs_vendor/lib:/opt/ros/jazzy/opt/gz_common_vendor/lib:/opt/ros/jazzy/opt/gz_math_vendor/lib:/opt/ros/jazzy/opt/gz_utils_vendor/lib:/opt/ros/jazzy/opt/gz_tools_vendor/lib:/opt/ros/jazzy/opt/gz_ogre_next_vendor/lib:/opt/ros/jazzy/opt/gz_dartsim_vendor/lib:/opt/ros/jazzy/opt/gz_cmake_vendor/lib:/opt/ros/jazzy/lib', 'HOME': '/home/jazib-manzoor', 'CHROME_DESKTOP': 'code.desktop', 'OLDPWD': '/home/jazib-manzoor/ros2_ws', 'TERM_PROGRAM_VERSION': '1.131.0', 'DESKTOP_SESSION': 'ubuntu', 'ROS_PYTHON_VERSION': '3', 'GNOME_SHELL_SESSION_MODE': 'ubuntu', 'GTK_MODULES': 'gail:atk-bridge', 'PYDEVD_DISABLE_FILE_VALIDATION': '1', 'SYSTEMD_EXEC_PID': '2768', 'BUNDLED_DEBUGPY_PATH': '/home/jazib-manzoor/.vscode/extensions/ms-python.debugpy-2026.6.0-linux-x64/bundled/libs/debugpy', 'VSCODE_PYTHON_AUTOACTIVATE_GUARD': '1', 'GSM_SKIP_SSH_AGENT_WORKAROUND': 'true', 'DBUS_SESSION_BUS_ADDRESS': 'unix:path=/run/user/1000/bus', 'COLORTERM': 'truecolor', 'GNOME_KEYRING_CONTROL': '/run/user/1000/keyring', 'DEBUGINFOD_URLS': 'https://debuginfod.ubuntu.com', 'COLCON_PREFIX_PATH': '/home/jazib-manzoor/ros2_ws/install', 'ROS_DISTRO': 'jazzy', 'LOGNAME': 'jazib-manzoor', '_': '/usr/bin/colcon', 'ROS_VERSION': '2', 'MEMORY_PRESSURE_WATCH': '/sys/fs/cgroup/user.slice/user-1000.slice/user@1000.service/session.slice/org.gnome.SettingsDaemon.MediaKeys.service/memory.pressure', 'XDG_SESSION_CLASS': 'user', 'USERNAME': 'jazib-manzoor', 'TERM': 'xterm-256color', 'GNOME_DESKTOP_SESSION_ID': 'this-is-deprecated', 'FC_FONTATIONS': '1', 'WINDOWPATH': '2', 'PATH': '/home/jazib-manzoor/.config/Code/User/globalStorage/github.copilot-chat/debugCommand:/home/jazib-manzoor/.config/Code/User/globalStorage/github.copilot-chat/copilotCli:/opt/ros/jazzy/opt/gz_msgs_vendor/bin:/opt/ros/jazzy/opt/gz_tools_vendor/bin:/opt/ros/jazzy/opt/gz_ogre_next_vendor/bin:/opt/ros/jazzy/bin:/usr/local/sbin:/usr/local/bin:/usr/sbin:/usr/bin:/sbin:/bin:/usr/games:/usr/local/games:/snap/bin:/snap/bin:/home/jazib-manzoor/.vscode/extensions/ms-python.debugpy-2026.6.0-linux-x64/bundled/scripts/noConfigScripts', 'SESSION_MANAGER': 'local/Farz-Victus:@/tmp/.ICE-unix/2581,unix/Farz-Victus:/tmp/.ICE-unix/2581', 'XDG_MENU_PREFIX': 'gnome-', 'GNOME_TERMINAL_SCREEN': '/org/gnome/Terminal/screen/146f1ca5_b79a_4548_a834_75b673a72b41', 'XDG_RUNTIME_DIR': '/run/user/1000', 'GDK_BACKEND': 'x11', 'DISPLAY': ':1', 'VSCODE_DEBUGPY_ADAPTER_ENDPOINTS': '/home/jazib-manzoor/.vscode/extensions/ms-python.debugpy-2026.6.0-linux-x64/.noConfigDebugAdapterEndpoints/endpoint-bbe4a8b07941a9c9.txt', 'LANG': 'en_US.UTF-8', 'XDG_CURRENT_DESKTOP': 'ubuntu:GNOME', 'PYTHONSTARTUP': '/home/jazib-manzoor/.config/Code/User/workspaceStorage/fd8d9a3fcaf45405274ce501d3ea82d0/ms-python.python/pythonrc.py', 'XMODIFIERS': '@im=ibus', 'XDG_SESSION_DESKTOP': 'ubuntu', 'XAUTHORITY': '/run/user/1000/gdm/Xauthority', 'LS_COLORS': 'rs=0:di=01;34:ln=01;36:mh=00:pi=40;33:so=01;35:do=01;35:bd=40;33;01:cd=40;33;01:or=40;31;01:mi=00:su=37;41:sg=30;43:ca=00:tw=30;42:ow=34;42:st=37;44:ex=01;32:*.tar=01;31:*.tgz=01;31:*.arc=01;31:*.arj=01;31:*.taz=01;31:*.lha=01;31:*.lz4=01;31:*.lzh=01;31:*.lzma=01;31:*.tlz=01;31:*.txz=01;31:*.tzo=01;31:*.t7z=01;31:*.zip=01;31:*.z=01;31:*.dz=01;31:*.gz=01;31:*.lrz=01;31:*.lz=01;31:*.lzo=01;31:*.xz=01;31:*.zst=01;31:*.tzst=01;31:*.bz2=01;31:*.bz=01;31:*.tbz=01;31:*.tbz2=01;31:*.tz=01;31:*.deb=01;31:*.rpm=01;31:*.jar=01;31:*.war=01;31:*.ear=01;31:*.sar=01;31:*.rar=01;31:*.alz=01;31:*.ace=01;31:*.zoo=01;31:*.cpio=01;31:*.7z=01;31:*.rz=01;31:*.cab=01;31:*.wim=01;31:*.swm=01;31:*.dwm=01;31:*.esd=01;31:*.avif=01;35:*.jpg=01;35:*.jpeg=01;35:*.mjpg=01;35:*.mjpeg=01;35:*.gif=01;35:*.bmp=01;35:*.pbm=01;35:*.pgm=01;35:*.ppm=01;35:*.tga=01;35:*.xbm=01;35:*.xpm=01;35:*.tif=01;35:*.tiff=01;35:*.png=01;35:*.svg=01;35:*.svgz=01;35:*.mng=01;35:*.pcx=01;35:*.mov=01;35:*.mpg=01;35:*.mpeg=01;35:*.m2v=01;35:*.mkv=01;35:*.webm=01;35:*.webp=01;35:*.ogm=01;35:*.mp4=01;35:*.m4v=01;35:*.mp4v=01;35:*.vob=01;35:*.qt=01;35:*.nuv=01;35:*.wmv=01;35:*.asf=01;35:*.rm=01;35:*.rmvb=01;35:*.flc=01;35:*.avi=01;35:*.fli=01;35:*.flv=01;35:*.gl=01;35:*.dl=01;35:*.xcf=01;35:*.xwd=01;35:*.yuv=01;35:*.cgm=01;35:*.emf=01;35:*.ogv=01;35:*.ogx=01;35:*.aac=00;36:*.au=00;36:*.flac=00;36:*.m4a=00;36:*.mid=00;36:*.midi=00;36:*.mka=00;36:*.mp3=00;36:*.mpc=00;36:*.ogg=00;36:*.ra=00;36:*.wav=00;36:*.oga=00;36:*.opus=00;36:*.spx=00;36:*.xspf=00;36:*~=00;90:*#=00;90:*.bak=00;90:*.crdownload=00;90:*.dpkg-dist=00;90:*.dpkg-new=00;90:*.dpkg-old=00;90:*.dpkg-tmp=00;90:*.old=00;90:*.orig=00;90:*.part=00;90:*.rej=00;90:*.rpmnew=00;90:*.rpmorig=00;90:*.rpmsave=00;90:*.swp=00;90:*.tmp=00;90:*.ucf-dist=00;90:*.ucf-new=00;90:*.ucf-old=00;90:', 'GNOME_TERMINAL_SERVICE': ':1.98', 'TERM_PROGRAM': 'vscode', 'SSH_AUTH_SOCK': '/run/user/1000/keyring/ssh', 'AMENT_PREFIX_PATH': '/home/jazib-manzoor/ros2_ws/install/tf2_learning:/home/jazib-manzoor/ros2_ws/install/robot_description:/home/jazib-manzoor/ros2_ws/install/my_first_robot:/home/jazib-manzoor/ros2_ws/install/my_robot_interfaces:/home/jazib-manzoor/ros2_ws/install/cmd_vel_bridge:/home/jazib-manzoor/ros2_ws/install/ble_localization:/opt/ros/jazzy', 'SHELL': '/bin/bash', 'QT_ACCESSIBILITY': '1', 'GDMSESSION': 'ubuntu', 'LESSCLOSE': '/usr/bin/lesspipe %s %s', 'GPG_AGENT_INFO': '/run/user/1000/gnupg/S.gpg-agent:0:1', 'ROS_AUTOMATIC_DISCOVERY_RANGE': 'SUBNET', 'QT_IM_MODULE': 'ibus', 'PWD': '/home/jazib-manzoor/ros2_ws/build/my_robot_interfaces', 'XDG_CONFIG_DIRS': '/etc/xdg/xdg-ubuntu:/etc/xdg', 'COPILOT_DEBUG_NONCE': '6e66200d91d2a09f0588609208457d5d', 'XDG_DATA_DIRS': '/usr/share/ubuntu:/usr/share/gnome:/usr/local/share/:/usr/share/:/var/lib/snapd/desktop', 'PYTHONPATH': '/home/jazib-manzoor/ros2_ws/build/tf2_learning:/home/jazib-manzoor/ros2_ws/install/tf2_learning/lib/python3.12/site-packages:/home/jazib-manzoor/ros2_ws/build/robot_description:/home/jazib-manzoor/ros2_ws/install/robot_description/lib/python3.12/site-packages:/home/jazib-manzoor/ros2_ws/build/my_first_robot:/home/jazib-manzoor/ros2_ws/install/my_first_robot/lib/python3.12/site-packages:/home/jazib-manzoor/ros2_ws/install/my_robot_interfaces/lib/python3.12/site-packages:/home/jazib-manzoor/ros2_ws/build/cmd_vel_bridge:/home/jazib-manzoor/ros2_ws/install/cmd_vel_bridge/lib/python3.12/site-packages:/home/jazib-manzoor/ros2_ws/build/ble_localization:/home/jazib-manzoor/ros2_ws/install/ble_localization/lib/python3.12/site-packages:/opt/ros/jazzy/lib/python3.12/site-packages', 'COLCON': '1', 'MEMORY_PRESSURE_WRITE': 'c29tZSAyMDAwMDAgMjAwMDAwMAA=', 'VTE_VERSION': '7600', 'CMAKE_PREFIX_PATH': '/home/jazib-manzoor/ros2_ws/install/my_robot_interfaces:/opt/ros/jazzy/opt/gz_sim_vendor:/opt/ros/jazzy/opt/gz_sensors_vendor:/opt/ros/jazzy/opt/gz_physics_vendor:/opt/ros/jazzy/opt/sdformat_vendor:/opt/ros/jazzy/opt/gz_gui_vendor:/opt/ros/jazzy/opt/gz_transport_vendor:/opt/ros/jazzy/opt/gz_rendering_vendor:/opt/ros/jazzy/opt/gz_plugin_vendor:/opt/ros/jazzy/opt/gz_fuel_tools_vendor:/opt/ros/jazzy/opt/gz_msgs_vendor:/opt/ros/jazzy/opt/gz_common_vendor:/opt/ros/jazzy/opt/gz_math_vendor:/opt/ros/jazzy/opt/gz_utils_vendor:/opt/ros/jazzy/opt/gz_tools_vendor:/opt/ros/jazzy/opt/gz_ogre_next_vendor:/opt/ros/jazzy/opt/gz_dartsim_vendor:/opt/ros/jazzy/opt/gz_cmake_vendor:/home/jazib-manzoor/ros2_ws/install/tf2_learning:/home/jazib-manzoor/ros2_ws/install/robot_description:/home/jazib-manzoor/ros2_ws/install/my_first_robot:/home/jazib-manzoor/ros2_ws/install/cmd_vel_bridge:/home/jazib-manzoor/ros2_ws/install/ble_localization:/opt/ros/jazzy'}), 'shell': False}
[0.098929] (-) TimerEvent: {}
[0.199496] (-) TimerEvent: {}
[0.300040] (-) TimerEvent: {}
[0.400613] (-) TimerEvent: {}
[0.500985] (-) TimerEvent: {}
[0.601444] (-) TimerEvent: {}
[0.701924] (-) TimerEvent: {}
[0.802308] (-) TimerEvent: {}
[0.902695] (-) TimerEvent: {}
[1.003104] (-) TimerEvent: {}
[1.103475] (-) TimerEvent: {}
[1.203861] (-) TimerEvent: {}
[1.277188] (my_robot_interfaces) StdoutLine: {'line': b'[  5%] Built target my_robot_interfaces__rs\n'}
[1.278411] (my_robot_interfaces) StdoutLine: {'line': b'[  5%] Built target my_robot_interfaces__rosidl_generator_type_description\n'}
[1.278838] (my_robot_interfaces) StdoutLine: {'line': b'[  5%] Built target ament_cmake_python_symlink_my_robot_interfaces\n'}
[1.279367] (my_robot_interfaces) StdoutLine: {'line': b'[ 17%] Built target my_robot_interfaces__cpp\n'}
[1.279993] (my_robot_interfaces) StdoutLine: {'line': b'[ 22%] Built target my_robot_interfaces__rosidl_generator_c\n'}
[1.280870] (my_robot_interfaces) StdoutLine: {'line': b'[ 31%] Built target my_robot_interfaces__rosidl_typesupport_c\n'}
[1.281274] (my_robot_interfaces) StdoutLine: {'line': b'[ 40%] Built target my_robot_interfaces__rosidl_typesupport_fastrtps_c\n'}
[1.281735] (my_robot_interfaces) StdoutLine: {'line': b'[ 48%] Built target my_robot_interfaces__rosidl_typesupport_introspection_c\n'}
[1.282207] (my_robot_interfaces) StdoutLine: {'line': b'[ 62%] Built target my_robot_interfaces__rosidl_typesupport_introspection_cpp\n'}
[1.282469] (my_robot_interfaces) StdoutLine: {'line': b'[ 74%] Built target my_robot_interfaces__rosidl_typesupport_cpp\n'}
[1.282754] (my_robot_interfaces) StdoutLine: {'line': b'[ 74%] Built target my_robot_interfaces__rosidl_typesupport_fastrtps_cpp\n'}
[1.282907] (my_robot_interfaces) StdoutLine: {'line': b'[ 74%] Built target my_robot_interfaces\n'}
[1.283031] (my_robot_interfaces) StdoutLine: {'line': b'[ 77%] Built target my_robot_interfaces__py\n'}
[1.283144] (my_robot_interfaces) StdoutLine: {'line': b'[ 82%] Built target my_robot_interfaces__rosidl_generator_py\n'}
[1.283263] (my_robot_interfaces) StdoutLine: {'line': b'[ 94%] Built target my_robot_interfaces_s__rosidl_typesupport_fastrtps_c\n'}
[1.283366] (my_robot_interfaces) StdoutLine: {'line': b'[ 94%] Built target my_robot_interfaces_s__rosidl_typesupport_introspection_c\n'}
[1.283472] (my_robot_interfaces) StdoutLine: {'line': b'[100%] Built target my_robot_interfaces_s__rosidl_typesupport_c\n'}
[1.283606] (my_robot_interfaces) StdoutLine: {'line': b'running egg_info\n'}
[1.283730] (my_robot_interfaces) StdoutLine: {'line': b'writing my_robot_interfaces.egg-info/PKG-INFO\n'}
[1.283851] (my_robot_interfaces) StdoutLine: {'line': b'writing dependency_links to my_robot_interfaces.egg-info/dependency_links.txt\n'}
[1.283966] (my_robot_interfaces) StdoutLine: {'line': b'writing top-level names to my_robot_interfaces.egg-info/top_level.txt\n'}
[1.284079] (my_robot_interfaces) StdoutLine: {'line': b"reading manifest file 'my_robot_interfaces.egg-info/SOURCES.txt'\n"}
[1.284191] (my_robot_interfaces) StdoutLine: {'line': b"writing manifest file 'my_robot_interfaces.egg-info/SOURCES.txt'\n"}
[1.284304] (my_robot_interfaces) StdoutLine: {'line': b'[100%] Built target ament_cmake_python_build_my_robot_interfaces_egg\n'}
[1.284420] (my_robot_interfaces) CommandEnded: {'returncode': 0}
[1.284826] (my_robot_interfaces) JobProgress: {'identifier': 'my_robot_interfaces', 'progress': 'install'}
[1.300474] (my_robot_interfaces) Command: {'cmd': ['/usr/bin/cmake', '--install', '/home/jazib-manzoor/ros2_ws/build/my_robot_interfaces'], 'cwd': '/home/jazib-manzoor/ros2_ws/build/my_robot_interfaces', 'env': OrderedDict({'PYTHON_BASIC_REPL': '1', 'LESSOPEN': '| /usr/bin/lesspipe %s', 'GZ_SIM_RESOURCE_PATH': '/opt/ros/jazzy/share', 'USER': 'jazib-manzoor', 'GZ_CONFIG_PATH': '/opt/ros/jazzy/opt/gz_sim_vendor/share/gz:/opt/ros/jazzy/opt/sdformat_vendor/share/gz:/opt/ros/jazzy/opt/gz_gui_vendor/share/gz:/opt/ros/jazzy/opt/gz_transport_vendor/share/gz:/opt/ros/jazzy/opt/gz_rendering_vendor/share/gz:/opt/ros/jazzy/opt/gz_plugin_vendor/share/gz:/opt/ros/jazzy/opt/gz_fuel_tools_vendor/share/gz:/opt/ros/jazzy/opt/gz_msgs_vendor/share/gz:/opt/ros/jazzy/opt/gz_common_vendor/share/gz', 'XDG_SESSION_TYPE': 'x11', 'SHLVL': '2', 'LD_LIBRARY_PATH': '/home/jazib-manzoor/ros2_ws/install/my_robot_interfaces/lib:/opt/ros/jazzy/opt/gz_sim_vendor/lib:/opt/ros/jazzy/opt/gz_sensors_vendor/lib:/opt/ros/jazzy/opt/gz_physics_vendor/lib:/opt/ros/jazzy/opt/sdformat_vendor/lib:/opt/ros/jazzy/opt/rviz_ogre_vendor/lib:/opt/ros/jazzy/lib/x86_64-linux-gnu:/opt/ros/jazzy/opt/gz_gui_vendor/lib:/opt/ros/jazzy/opt/gz_transport_vendor/lib:/opt/ros/jazzy/opt/gz_rendering_vendor/lib:/opt/ros/jazzy/opt/gz_plugin_vendor/lib:/opt/ros/jazzy/opt/gz_fuel_tools_vendor/lib:/opt/ros/jazzy/opt/gz_msgs_vendor/lib:/opt/ros/jazzy/opt/gz_common_vendor/lib:/opt/ros/jazzy/opt/gz_math_vendor/lib:/opt/ros/jazzy/opt/gz_utils_vendor/lib:/opt/ros/jazzy/opt/gz_tools_vendor/lib:/opt/ros/jazzy/opt/gz_ogre_next_vendor/lib:/opt/ros/jazzy/opt/gz_dartsim_vendor/lib:/opt/ros/jazzy/opt/gz_cmake_vendor/lib:/opt/ros/jazzy/lib', 'HOME': '/home/jazib-manzoor', 'CHROME_DESKTOP': 'code.desktop', 'OLDPWD': '/home/jazib-manzoor/ros2_ws', 'TERM_PROGRAM_VERSION': '1.131.0', 'DESKTOP_SESSION': 'ubuntu', 'ROS_PYTHON_VERSION': '3', 'GNOME_SHELL_SESSION_MODE': 'ubuntu', 'GTK_MODULES': 'gail:atk-bridge', 'PYDEVD_DISABLE_FILE_VALIDATION': '1', 'SYSTEMD_EXEC_PID': '2768', 'BUNDLED_DEBUGPY_PATH': '/home/jazib-manzoor/.vscode/extensions/ms-python.debugpy-2026.6.0-linux-x64/bundled/libs/debugpy', 'VSCODE_PYTHON_AUTOACTIVATE_GUARD': '1', 'GSM_SKIP_SSH_AGENT_WORKAROUND': 'true', 'DBUS_SESSION_BUS_ADDRESS': 'unix:path=/run/user/1000/bus', 'COLORTERM': 'truecolor', 'GNOME_KEYRING_CONTROL': '/run/user/1000/keyring', 'DEBUGINFOD_URLS': 'https://debuginfod.ubuntu.com', 'COLCON_PREFIX_PATH': '/home/jazib-manzoor/ros2_ws/install', 'ROS_DISTRO': 'jazzy', 'LOGNAME': 'jazib-manzoor', '_': '/usr/bin/colcon', 'ROS_VERSION': '2', 'MEMORY_PRESSURE_WATCH': '/sys/fs/cgroup/user.slice/user-1000.slice/user@1000.service/session.slice/org.gnome.SettingsDaemon.MediaKeys.service/memory.pressure', 'XDG_SESSION_CLASS': 'user', 'USERNAME': 'jazib-manzoor', 'TERM': 'xterm-256color', 'GNOME_DESKTOP_SESSION_ID': 'this-is-deprecated', 'FC_FONTATIONS': '1', 'WINDOWPATH': '2', 'PATH': '/home/jazib-manzoor/.config/Code/User/globalStorage/github.copilot-chat/debugCommand:/home/jazib-manzoor/.config/Code/User/globalStorage/github.copilot-chat/copilotCli:/opt/ros/jazzy/opt/gz_msgs_vendor/bin:/opt/ros/jazzy/opt/gz_tools_vendor/bin:/opt/ros/jazzy/opt/gz_ogre_next_vendor/bin:/opt/ros/jazzy/bin:/usr/local/sbin:/usr/local/bin:/usr/sbin:/usr/bin:/sbin:/bin:/usr/games:/usr/local/games:/snap/bin:/snap/bin:/home/jazib-manzoor/.vscode/extensions/ms-python.debugpy-2026.6.0-linux-x64/bundled/scripts/noConfigScripts', 'SESSION_MANAGER': 'local/Farz-Victus:@/tmp/.ICE-unix/2581,unix/Farz-Victus:/tmp/.ICE-unix/2581', 'XDG_MENU_PREFIX': 'gnome-', 'GNOME_TERMINAL_SCREEN': '/org/gnome/Terminal/screen/146f1ca5_b79a_4548_a834_75b673a72b41', 'XDG_RUNTIME_DIR': '/run/user/1000', 'GDK_BACKEND': 'x11', 'DISPLAY': ':1', 'VSCODE_DEBUGPY_ADAPTER_ENDPOINTS': '/home/jazib-manzoor/.vscode/extensions/ms-python.debugpy-2026.6.0-linux-x64/.noConfigDebugAdapterEndpoints/endpoint-bbe4a8b07941a9c9.txt', 'LANG': 'en_US.UTF-8', 'XDG_CURRENT_DESKTOP': 'ubuntu:GNOME', 'PYTHONSTARTUP': '/home/jazib-manzoor/.config/Code/User/workspaceStorage/fd8d9a3fcaf45405274ce501d3ea82d0/ms-python.python/pythonrc.py', 'XMODIFIERS': '@im=ibus', 'XDG_SESSION_DESKTOP': 'ubuntu', 'XAUTHORITY': '/run/user/1000/gdm/Xauthority', 'LS_COLORS': 'rs=0:di=01;34:ln=01;36:mh=00:pi=40;33:so=01;35:do=01;35:bd=40;33;01:cd=40;33;01:or=40;31;01:mi=00:su=37;41:sg=30;43:ca=00:tw=30;42:ow=34;42:st=37;44:ex=01;32:*.tar=01;31:*.tgz=01;31:*.arc=01;31:*.arj=01;31:*.taz=01;31:*.lha=01;31:*.lz4=01;31:*.lzh=01;31:*.lzma=01;31:*.tlz=01;31:*.txz=01;31:*.tzo=01;31:*.t7z=01;31:*.zip=01;31:*.z=01;31:*.dz=01;31:*.gz=01;31:*.lrz=01;31:*.lz=01;31:*.lzo=01;31:*.xz=01;31:*.zst=01;31:*.tzst=01;31:*.bz2=01;31:*.bz=01;31:*.tbz=01;31:*.tbz2=01;31:*.tz=01;31:*.deb=01;31:*.rpm=01;31:*.jar=01;31:*.war=01;31:*.ear=01;31:*.sar=01;31:*.rar=01;31:*.alz=01;31:*.ace=01;31:*.zoo=01;31:*.cpio=01;31:*.7z=01;31:*.rz=01;31:*.cab=01;31:*.wim=01;31:*.swm=01;31:*.dwm=01;31:*.esd=01;31:*.avif=01;35:*.jpg=01;35:*.jpeg=01;35:*.mjpg=01;35:*.mjpeg=01;35:*.gif=01;35:*.bmp=01;35:*.pbm=01;35:*.pgm=01;35:*.ppm=01;35:*.tga=01;35:*.xbm=01;35:*.xpm=01;35:*.tif=01;35:*.tiff=01;35:*.png=01;35:*.svg=01;35:*.svgz=01;35:*.mng=01;35:*.pcx=01;35:*.mov=01;35:*.mpg=01;35:*.mpeg=01;35:*.m2v=01;35:*.mkv=01;35:*.webm=01;35:*.webp=01;35:*.ogm=01;35:*.mp4=01;35:*.m4v=01;35:*.mp4v=01;35:*.vob=01;35:*.qt=01;35:*.nuv=01;35:*.wmv=01;35:*.asf=01;35:*.rm=01;35:*.rmvb=01;35:*.flc=01;35:*.avi=01;35:*.fli=01;35:*.flv=01;35:*.gl=01;35:*.dl=01;35:*.xcf=01;35:*.xwd=01;35:*.yuv=01;35:*.cgm=01;35:*.emf=01;35:*.ogv=01;35:*.ogx=01;35:*.aac=00;36:*.au=00;36:*.flac=00;36:*.m4a=00;36:*.mid=00;36:*.midi=00;36:*.mka=00;36:*.mp3=00;36:*.mpc=00;36:*.ogg=00;36:*.ra=00;36:*.wav=00;36:*.oga=00;36:*.opus=00;36:*.spx=00;36:*.xspf=00;36:*~=00;90:*#=00;90:*.bak=00;90:*.crdownload=00;90:*.dpkg-dist=00;90:*.dpkg-new=00;90:*.dpkg-old=00;90:*.dpkg-tmp=00;90:*.old=00;90:*.orig=00;90:*.part=00;90:*.rej=00;90:*.rpmnew=00;90:*.rpmorig=00;90:*.rpmsave=00;90:*.swp=00;90:*.tmp=00;90:*.ucf-dist=00;90:*.ucf-new=00;90:*.ucf-old=00;90:', 'GNOME_TERMINAL_SERVICE': ':1.98', 'TERM_PROGRAM': 'vscode', 'SSH_AUTH_SOCK': '/run/user/1000/keyring/ssh', 'AMENT_PREFIX_PATH': '/home/jazib-manzoor/ros2_ws/install/tf2_learning:/home/jazib-manzoor/ros2_ws/install/robot_description:/home/jazib-manzoor/ros2_ws/install/my_first_robot:/home/jazib-manzoor/ros2_ws/install/my_robot_interfaces:/home/jazib-manzoor/ros2_ws/install/cmd_vel_bridge:/home/jazib-manzoor/ros2_ws/install/ble_localization:/opt/ros/jazzy', 'SHELL': '/bin/bash', 'QT_ACCESSIBILITY': '1', 'GDMSESSION': 'ubuntu', 'LESSCLOSE': '/usr/bin/lesspipe %s %s', 'GPG_AGENT_INFO': '/run/user/1000/gnupg/S.gpg-agent:0:1', 'ROS_AUTOMATIC_DISCOVERY_RANGE': 'SUBNET', 'QT_IM_MODULE': 'ibus', 'PWD': '/home/jazib-manzoor/ros2_ws/build/my_robot_interfaces', 'XDG_CONFIG_DIRS': '/etc/xdg/xdg-ubuntu:/etc/xdg', 'COPILOT_DEBUG_NONCE': '6e66200d91d2a09f0588609208457d5d', 'XDG_DATA_DIRS': '/usr/share/ubuntu:/usr/share/gnome:/usr/local/share/:/usr/share/:/var/lib/snapd/desktop', 'PYTHONPATH': '/home/jazib-manzoor/ros2_ws/build/tf2_learning:/home/jazib-manzoor/ros2_ws/install/tf2_learning/lib/python3.12/site-packages:/home/jazib-manzoor/ros2_ws/build/robot_description:/home/jazib-manzoor/ros2_ws/install/robot_description/lib/python3.12/site-packages:/home/jazib-manzoor/ros2_ws/build/my_first_robot:/home/jazib-manzoor/ros2_ws/install/my_first_robot/lib/python3.12/site-packages:/home/jazib-manzoor/ros2_ws/install/my_robot_interfaces/lib/python3.12/site-packages:/home/jazib-manzoor/ros2_ws/build/cmd_vel_bridge:/home/jazib-manzoor/ros2_ws/install/cmd_vel_bridge/lib/python3.12/site-packages:/home/jazib-manzoor/ros2_ws/build/ble_localization:/home/jazib-manzoor/ros2_ws/install/ble_localization/lib/python3.12/site-packages:/opt/ros/jazzy/lib/python3.12/site-packages', 'COLCON': '1', 'MEMORY_PRESSURE_WRITE': 'c29tZSAyMDAwMDAgMjAwMDAwMAA=', 'VTE_VERSION': '7600', 'CMAKE_PREFIX_PATH': '/home/jazib-manzoor/ros2_ws/install/my_robot_interfaces:/opt/ros/jazzy/opt/gz_sim_vendor:/opt/ros/jazzy/opt/gz_sensors_vendor:/opt/ros/jazzy/opt/gz_physics_vendor:/opt/ros/jazzy/opt/sdformat_vendor:/opt/ros/jazzy/opt/gz_gui_vendor:/opt/ros/jazzy/opt/gz_transport_vendor:/opt/ros/jazzy/opt/gz_rendering_vendor:/opt/ros/jazzy/opt/gz_plugin_vendor:/opt/ros/jazzy/opt/gz_fuel_tools_vendor:/opt/ros/jazzy/opt/gz_msgs_vendor:/opt/ros/jazzy/opt/gz_common_vendor:/opt/ros/jazzy/opt/gz_math_vendor:/opt/ros/jazzy/opt/gz_utils_vendor:/opt/ros/jazzy/opt/gz_tools_vendor:/opt/ros/jazzy/opt/gz_ogre_next_vendor:/opt/ros/jazzy/opt/gz_dartsim_vendor:/opt/ros/jazzy/opt/gz_cmake_vendor:/home/jazib-manzoor/ros2_ws/install/tf2_learning:/home/jazib-manzoor/ros2_ws/install/robot_description:/home/jazib-manzoor/ros2_ws/install/my_first_robot:/home/jazib-manzoor/ros2_ws/install/cmd_vel_bridge:/home/jazib-manzoor/ros2_ws/install/ble_localization:/opt/ros/jazzy'}), 'shell': False}
[1.303961] (-) TimerEvent: {}
[1.404255] (-) TimerEvent: {}
[1.504728] (-) TimerEvent: {}
[1.605141] (-) TimerEvent: {}
[1.689652] (my_robot_interfaces) StdoutLine: {'line': b'-- Install configuration: ""\n'}
[1.690043] (my_robot_interfaces) StdoutLine: {'line': b'-- Execute custom install script\n'}
[1.690254] (my_robot_interfaces) StdoutLine: {'line': b'-- Up-to-date symlink: /home/jazib-manzoor/ros2_ws/install/my_robot_interfaces/share/ament_index/resource_index/rosidl_interfaces/my_robot_interfaces\n'}
[1.690823] (my_robot_interfaces) StdoutLine: {'line': b'-- Up-to-date symlink: /home/jazib-manzoor/ros2_ws/install/my_robot_interfaces/share/my_robot_interfaces/action/CountUntil.json\n'}
[1.691415] (my_robot_interfaces) StdoutLine: {'line': b'-- Up-to-date symlink: /home/jazib-manzoor/ros2_ws/install/my_robot_interfaces/include/my_robot_interfaces/my_robot_interfaces/action/count_until.h\n'}
[1.692270] (my_robot_interfaces) StdoutLine: {'line': b'-- Up-to-date symlink: /home/jazib-manzoor/ros2_ws/install/my_robot_interfaces/include/my_robot_interfaces/my_robot_interfaces/action/detail/count_until__functions.h\n'}
[1.692655] (my_robot_interfaces) StdoutLine: {'line': b'-- Up-to-date symlink: /home/jazib-manzoor/ros2_ws/install/my_robot_interfaces/include/my_robot_interfaces/my_robot_interfaces/action/detail/count_until__struct.h\n'}
[1.692830] (my_robot_interfaces) StdoutLine: {'line': b'-- Up-to-date symlink: /home/jazib-manzoor/ros2_ws/install/my_robot_interfaces/include/my_robot_interfaces/my_robot_interfaces/action/detail/count_until__type_support.h\n'}
[1.693340] (my_robot_interfaces) StdoutLine: {'line': b'-- Up-to-date symlink: /home/jazib-manzoor/ros2_ws/install/my_robot_interfaces/include/my_robot_interfaces/my_robot_interfaces/msg/rosidl_generator_c__visibility_control.h\n'}
[1.693732] (my_robot_interfaces) StdoutLine: {'line': b'-- Up-to-date symlink: /home/jazib-manzoor/ros2_ws/install/my_robot_interfaces/share/my_robot_interfaces/environment/library_path.sh\n'}
[1.694548] (my_robot_interfaces) StdoutLine: {'line': b'-- Up-to-date symlink: /home/jazib-manzoor/ros2_ws/install/my_robot_interfaces/share/my_robot_interfaces/environment/library_path.dsv\n'}
[1.694799] (my_robot_interfaces) StdoutLine: {'line': b'-- Up-to-date symlink: /home/jazib-manzoor/ros2_ws/install/my_robot_interfaces/include/my_robot_interfaces/my_robot_interfaces/action/detail/count_until__rosidl_typesupport_fastrtps_c.h\n'}
[1.695755] (my_robot_interfaces) StdoutLine: {'line': b'-- Up-to-date symlink: /home/jazib-manzoor/ros2_ws/install/my_robot_interfaces/include/my_robot_interfaces/my_robot_interfaces/msg/rosidl_typesupport_fastrtps_c__visibility_control.h\n'}
[1.696556] (my_robot_interfaces) StdoutLine: {'line': b'-- Up-to-date symlink: /home/jazib-manzoor/ros2_ws/install/my_robot_interfaces/include/my_robot_interfaces/my_robot_interfaces/action/detail/count_until__rosidl_typesupport_introspection_c.h\n'}
[1.696844] (my_robot_interfaces) StdoutLine: {'line': b'-- Up-to-date symlink: /home/jazib-manzoor/ros2_ws/install/my_robot_interfaces/include/my_robot_interfaces/my_robot_interfaces/msg/rosidl_typesupport_introspection_c__visibility_control.h\n'}
[1.697222] (my_robot_interfaces) StdoutLine: {'line': b'-- Up-to-date symlink: /home/jazib-manzoor/ros2_ws/install/my_robot_interfaces/include/my_robot_interfaces/my_robot_interfaces/action/count_until.hpp\n'}
[1.697703] (my_robot_interfaces) StdoutLine: {'line': b'-- Up-to-date symlink: /home/jazib-manzoor/ros2_ws/install/my_robot_interfaces/include/my_robot_interfaces/my_robot_interfaces/action/detail/count_until__builder.hpp\n'}
[1.698234] (my_robot_interfaces) StdoutLine: {'line': b'-- Up-to-date symlink: /home/jazib-manzoor/ros2_ws/install/my_robot_interfaces/include/my_robot_interfaces/my_robot_interfaces/action/detail/count_until__struct.hpp\n'}
[1.699216] (my_robot_interfaces) StdoutLine: {'line': b'-- Up-to-date symlink: /home/jazib-manzoor/ros2_ws/install/my_robot_interfaces/include/my_robot_interfaces/my_robot_interfaces/action/detail/count_until__traits.hpp\n'}
[1.699579] (my_robot_interfaces) StdoutLine: {'line': b'-- Up-to-date symlink: /home/jazib-manzoor/ros2_ws/install/my_robot_interfaces/include/my_robot_interfaces/my_robot_interfaces/action/detail/count_until__type_support.hpp\n'}
[1.700337] (my_robot_interfaces) StdoutLine: {'line': b'-- Up-to-date symlink: /home/jazib-manzoor/ros2_ws/install/my_robot_interfaces/include/my_robot_interfaces/my_robot_interfaces/msg/rosidl_generator_cpp__visibility_control.hpp\n'}
[1.700611] (my_robot_interfaces) StdoutLine: {'line': b'-- Up-to-date symlink: /home/jazib-manzoor/ros2_ws/install/my_robot_interfaces/include/my_robot_interfaces/my_robot_interfaces/action/detail/count_until__rosidl_typesupport_fastrtps_cpp.hpp\n'}
[1.702435] (my_robot_interfaces) StdoutLine: {'line': b'-- Up-to-date symlink: /home/jazib-manzoor/ros2_ws/install/my_robot_interfaces/include/my_robot_interfaces/my_robot_interfaces/msg/rosidl_typesupport_fastrtps_cpp__visibility_control.h\n'}
[1.702677] (my_robot_interfaces) StdoutLine: {'line': b'-- Up-to-date symlink: /home/jazib-manzoor/ros2_ws/install/my_robot_interfaces/include/my_robot_interfaces/my_robot_interfaces/action/detail/count_until__rosidl_typesupport_introspection_cpp.hpp\n'}
[1.703138] (my_robot_interfaces) StdoutLine: {'line': b'-- Up-to-date symlink: /home/jazib-manzoor/ros2_ws/install/my_robot_interfaces/share/my_robot_interfaces/environment/pythonpath.sh\n'}
[1.703418] (my_robot_interfaces) StdoutLine: {'line': b'-- Up-to-date symlink: /home/jazib-manzoor/ros2_ws/install/my_robot_interfaces/share/my_robot_interfaces/environment/pythonpath.dsv\n'}
[1.703633] (my_robot_interfaces) StdoutLine: {'line': b'-- Up-to-date symlink: /home/jazib-manzoor/ros2_ws/install/my_robot_interfaces/lib/python3.12/site-packages/my_robot_interfaces-0.0.0-py3.12.egg-info/PKG-INFO\n'}
[1.703845] (my_robot_interfaces) StdoutLine: {'line': b'-- Up-to-date symlink: /home/jazib-manzoor/ros2_ws/install/my_robot_interfaces/lib/python3.12/site-packages/my_robot_interfaces-0.0.0-py3.12.egg-info/SOURCES.txt\n'}
[1.704063] (my_robot_interfaces) StdoutLine: {'line': b'-- Up-to-date symlink: /home/jazib-manzoor/ros2_ws/install/my_robot_interfaces/lib/python3.12/site-packages/my_robot_interfaces-0.0.0-py3.12.egg-info/dependency_links.txt\n'}
[1.704296] (my_robot_interfaces) StdoutLine: {'line': b'-- Up-to-date symlink: /home/jazib-manzoor/ros2_ws/install/my_robot_interfaces/lib/python3.12/site-packages/my_robot_interfaces-0.0.0-py3.12.egg-info/top_level.txt\n'}
[1.704633] (my_robot_interfaces) StdoutLine: {'line': b'-- Up-to-date symlink: /home/jazib-manzoor/ros2_ws/install/my_robot_interfaces/lib/python3.12/site-packages/my_robot_interfaces/__init__.py\n'}
[1.704857] (my_robot_interfaces) StdoutLine: {'line': b'-- Up-to-date symlink: /home/jazib-manzoor/ros2_ws/install/my_robot_interfaces/lib/python3.12/site-packages/my_robot_interfaces/_my_robot_interfaces_s.ep.rosidl_typesupport_c.c\n'}
[1.705061] (my_robot_interfaces) StdoutLine: {'line': b'-- Up-to-date symlink: /home/jazib-manzoor/ros2_ws/install/my_robot_interfaces/lib/python3.12/site-packages/my_robot_interfaces/_my_robot_interfaces_s.ep.rosidl_typesupport_fastrtps_c.c\n'}
[1.705267] (-) TimerEvent: {}
[1.705882] (my_robot_interfaces) StdoutLine: {'line': b'-- Up-to-date symlink: /home/jazib-manzoor/ros2_ws/install/my_robot_interfaces/lib/python3.12/site-packages/my_robot_interfaces/_my_robot_interfaces_s.ep.rosidl_typesupport_introspection_c.c\n'}
[1.706058] (my_robot_interfaces) StdoutLine: {'line': b'-- Up-to-date symlink: /home/jazib-manzoor/ros2_ws/install/my_robot_interfaces/lib/python3.12/site-packages/my_robot_interfaces/action/__init__.py\n'}
[1.706229] (my_robot_interfaces) StdoutLine: {'line': b'-- Up-to-date symlink: /home/jazib-manzoor/ros2_ws/install/my_robot_interfaces/lib/python3.12/site-packages/my_robot_interfaces/action/_count_until.py\n'}
[1.706345] (my_robot_interfaces) StdoutLine: {'line': b'-- Up-to-date symlink: /home/jazib-manzoor/ros2_ws/install/my_robot_interfaces/lib/python3.12/site-packages/my_robot_interfaces/action/_count_until_s.c\n'}
[1.706467] (my_robot_interfaces) StdoutLine: {'line': b'-- Up-to-date symlink: /home/jazib-manzoor/ros2_ws/install/my_robot_interfaces/lib/python3.12/site-packages/my_robot_interfaces/my_robot_interfaces_s__rosidl_typesupport_c.so\n'}
[1.706714] (my_robot_interfaces) StdoutLine: {'line': b'-- Up-to-date symlink: /home/jazib-manzoor/ros2_ws/install/my_robot_interfaces/lib/python3.12/site-packages/my_robot_interfaces/my_robot_interfaces_s__rosidl_typesupport_fastrtps_c.so\n'}
[1.707680] (my_robot_interfaces) StdoutLine: {'line': b'-- Up-to-date symlink: /home/jazib-manzoor/ros2_ws/install/my_robot_interfaces/lib/python3.12/site-packages/my_robot_interfaces/my_robot_interfaces_s__rosidl_typesupport_introspection_c.so\n'}
[1.707930] (my_robot_interfaces) StdoutLine: {'line': b'-- Up-to-date symlink: /home/jazib-manzoor/ros2_ws/install/my_robot_interfaces/lib/python3.12/site-packages/my_robot_interfaces/my_robot_interfaces_s__rosidl_typesupport_fastrtps_c.so\n'}
[1.708064] (my_robot_interfaces) StdoutLine: {'line': b'-- Up-to-date symlink: /home/jazib-manzoor/ros2_ws/install/my_robot_interfaces/lib/python3.12/site-packages/my_robot_interfaces/my_robot_interfaces_s__rosidl_typesupport_introspection_c.so\n'}
[1.708335] (my_robot_interfaces) StdoutLine: {'line': b'-- Up-to-date symlink: /home/jazib-manzoor/ros2_ws/install/my_robot_interfaces/lib/python3.12/site-packages/my_robot_interfaces/my_robot_interfaces_s__rosidl_typesupport_c.so\n'}
[1.708485] (my_robot_interfaces) StdoutLine: {'line': b'-- Up-to-date symlink: /home/jazib-manzoor/ros2_ws/install/my_robot_interfaces/share/ament_index/resource_index/rust_packages/my_robot_interfaces\n'}
[1.708661] (my_robot_interfaces) StdoutLine: {'line': b'-- Up-to-date symlink: /home/jazib-manzoor/ros2_ws/install/my_robot_interfaces/share/my_robot_interfaces/rust/Cargo.toml\n'}
[1.708799] (my_robot_interfaces) StdoutLine: {'line': b'-- Up-to-date symlink: /home/jazib-manzoor/ros2_ws/install/my_robot_interfaces/share/my_robot_interfaces/rust/build.rs\n'}
[1.708939] (my_robot_interfaces) StdoutLine: {'line': b'-- Up-to-date symlink: /home/jazib-manzoor/ros2_ws/install/my_robot_interfaces/share/my_robot_interfaces/rust/src/action.rs\n'}
[1.709366] (my_robot_interfaces) StdoutLine: {'line': b'-- Up-to-date symlink: /home/jazib-manzoor/ros2_ws/install/my_robot_interfaces/share/my_robot_interfaces/rust/src/action/rmw.rs\n'}
[1.709869] (my_robot_interfaces) StdoutLine: {'line': b'-- Up-to-date symlink: /home/jazib-manzoor/ros2_ws/install/my_robot_interfaces/share/my_robot_interfaces/rust/src/lib.rs\n'}
[1.710172] (my_robot_interfaces) StdoutLine: {'line': b'-- Up-to-date symlink: /home/jazib-manzoor/ros2_ws/install/my_robot_interfaces/share/my_robot_interfaces/action/CountUntil.idl\n'}
[1.710605] (my_robot_interfaces) StdoutLine: {'line': b'-- Up-to-date symlink: /home/jazib-manzoor/ros2_ws/install/my_robot_interfaces/share/my_robot_interfaces/action/CountUntil.action\n'}
[1.710835] (my_robot_interfaces) StdoutLine: {'line': b'-- Up-to-date symlink: /home/jazib-manzoor/ros2_ws/install/my_robot_interfaces/share/ament_index/resource_index/package_run_dependencies/my_robot_interfaces\n'}
[1.711031] (my_robot_interfaces) StdoutLine: {'line': b'-- Up-to-date symlink: /home/jazib-manzoor/ros2_ws/install/my_robot_interfaces/share/ament_index/resource_index/parent_prefix_path/my_robot_interfaces\n'}
[1.711256] (my_robot_interfaces) StdoutLine: {'line': b'-- Up-to-date symlink: /home/jazib-manzoor/ros2_ws/install/my_robot_interfaces/share/my_robot_interfaces/environment/ament_prefix_path.sh\n'}
[1.711518] (my_robot_interfaces) StdoutLine: {'line': b'-- Up-to-date symlink: /home/jazib-manzoor/ros2_ws/install/my_robot_interfaces/share/my_robot_interfaces/environment/ament_prefix_path.dsv\n'}
[1.711776] (my_robot_interfaces) StdoutLine: {'line': b'-- Up-to-date symlink: /home/jazib-manzoor/ros2_ws/install/my_robot_interfaces/share/my_robot_interfaces/environment/path.sh\n'}
[1.712838] (my_robot_interfaces) StdoutLine: {'line': b'-- Up-to-date symlink: /home/jazib-manzoor/ros2_ws/install/my_robot_interfaces/share/my_robot_interfaces/environment/path.dsv\n'}
[1.713121] (my_robot_interfaces) StdoutLine: {'line': b'-- Up-to-date symlink: /home/jazib-manzoor/ros2_ws/install/my_robot_interfaces/share/my_robot_interfaces/local_setup.bash\n'}
[1.713562] (my_robot_interfaces) StdoutLine: {'line': b'-- Up-to-date symlink: /home/jazib-manzoor/ros2_ws/install/my_robot_interfaces/share/my_robot_interfaces/local_setup.sh\n'}
[1.713817] (my_robot_interfaces) StdoutLine: {'line': b'-- Up-to-date symlink: /home/jazib-manzoor/ros2_ws/install/my_robot_interfaces/share/my_robot_interfaces/local_setup.zsh\n'}
[1.714056] (my_robot_interfaces) StdoutLine: {'line': b'-- Up-to-date symlink: /home/jazib-manzoor/ros2_ws/install/my_robot_interfaces/share/my_robot_interfaces/local_setup.dsv\n'}
[1.714473] (my_robot_interfaces) StdoutLine: {'line': b'-- Symlinking: /home/jazib-manzoor/ros2_ws/install/my_robot_interfaces/share/my_robot_interfaces/package.dsv\n'}
[1.715205] (my_robot_interfaces) StdoutLine: {'line': b'-- Up-to-date symlink: /home/jazib-manzoor/ros2_ws/install/my_robot_interfaces/share/ament_index/resource_index/packages/my_robot_interfaces\n'}
[1.716128] (my_robot_interfaces) StdoutLine: {'line': b'-- Up-to-date symlink: /home/jazib-manzoor/ros2_ws/install/my_robot_interfaces/share/my_robot_interfaces/cmake/rosidl_cmake-extras.cmake\n'}
[1.716659] (my_robot_interfaces) StdoutLine: {'line': b'-- Up-to-date symlink: /home/jazib-manzoor/ros2_ws/install/my_robot_interfaces/share/my_robot_interfaces/cmake/ament_cmake_export_dependencies-extras.cmake\n'}
[1.716903] (my_robot_interfaces) StdoutLine: {'line': b'-- Up-to-date symlink: /home/jazib-manzoor/ros2_ws/install/my_robot_interfaces/share/my_robot_interfaces/cmake/ament_cmake_export_include_directories-extras.cmake\n'}
[1.717150] (my_robot_interfaces) StdoutLine: {'line': b'-- Up-to-date symlink: /home/jazib-manzoor/ros2_ws/install/my_robot_interfaces/share/my_robot_interfaces/cmake/ament_cmake_export_libraries-extras.cmake\n'}
[1.717396] (my_robot_interfaces) StdoutLine: {'line': b'-- Up-to-date symlink: /home/jazib-manzoor/ros2_ws/install/my_robot_interfaces/share/my_robot_interfaces/cmake/ament_cmake_export_targets-extras.cmake\n'}
[1.717633] (my_robot_interfaces) StdoutLine: {'line': b'-- Up-to-date symlink: /home/jazib-manzoor/ros2_ws/install/my_robot_interfaces/share/my_robot_interfaces/cmake/rosidl_cmake_export_typesupport_targets-extras.cmake\n'}
[1.717878] (my_robot_interfaces) StdoutLine: {'line': b'-- Up-to-date symlink: /home/jazib-manzoor/ros2_ws/install/my_robot_interfaces/share/my_robot_interfaces/cmake/rosidl_cmake_export_typesupport_libraries-extras.cmake\n'}
[1.718121] (my_robot_interfaces) StdoutLine: {'line': b'-- Up-to-date symlink: /home/jazib-manzoor/ros2_ws/install/my_robot_interfaces/share/my_robot_interfaces/cmake/rosidl_cmake_aggregate_target-extras.cmake\n'}
[1.718256] (my_robot_interfaces) StdoutLine: {'line': b'-- Up-to-date symlink: /home/jazib-manzoor/ros2_ws/install/my_robot_interfaces/share/my_robot_interfaces/cmake/my_robot_interfacesConfig.cmake\n'}
[1.718411] (my_robot_interfaces) StdoutLine: {'line': b'-- Up-to-date symlink: /home/jazib-manzoor/ros2_ws/install/my_robot_interfaces/share/my_robot_interfaces/cmake/my_robot_interfacesConfig-version.cmake\n'}
[1.718572] (my_robot_interfaces) StdoutLine: {'line': b'-- Up-to-date symlink: /home/jazib-manzoor/ros2_ws/install/my_robot_interfaces/share/my_robot_interfaces/package.xml\n'}
[1.718777] (my_robot_interfaces) StdoutLine: {'line': b'-- Up-to-date: /home/jazib-manzoor/ros2_ws/install/my_robot_interfaces/lib/libmy_robot_interfaces__rosidl_generator_c.so\n'}
[1.719169] (my_robot_interfaces) StdoutLine: {'line': b'-- Up-to-date: /home/jazib-manzoor/ros2_ws/install/my_robot_interfaces/lib/libmy_robot_interfaces__rosidl_typesupport_fastrtps_c.so\n'}
[1.719727] (my_robot_interfaces) StdoutLine: {'line': b'-- Up-to-date: /home/jazib-manzoor/ros2_ws/install/my_robot_interfaces/lib/libmy_robot_interfaces__rosidl_typesupport_introspection_c.so\n'}
[1.720143] (my_robot_interfaces) StdoutLine: {'line': b'-- Up-to-date: /home/jazib-manzoor/ros2_ws/install/my_robot_interfaces/lib/libmy_robot_interfaces__rosidl_typesupport_c.so\n'}
[1.720554] (my_robot_interfaces) StdoutLine: {'line': b'-- Up-to-date: /home/jazib-manzoor/ros2_ws/install/my_robot_interfaces/lib/libmy_robot_interfaces__rosidl_typesupport_fastrtps_cpp.so\n'}
[1.722113] (my_robot_interfaces) StdoutLine: {'line': b'-- Up-to-date: /home/jazib-manzoor/ros2_ws/install/my_robot_interfaces/lib/libmy_robot_interfaces__rosidl_typesupport_introspection_cpp.so\n'}
[1.722633] (my_robot_interfaces) StdoutLine: {'line': b'-- Up-to-date: /home/jazib-manzoor/ros2_ws/install/my_robot_interfaces/lib/libmy_robot_interfaces__rosidl_typesupport_cpp.so\n'}
[1.722849] (my_robot_interfaces) StdoutLine: {'line': b"Listing '/home/jazib-manzoor/ros2_ws/install/my_robot_interfaces/lib/python3.12/site-packages/my_robot_interfaces'...\n"}
[1.723474] (my_robot_interfaces) StdoutLine: {'line': b"Listing '/home/jazib-manzoor/ros2_ws/install/my_robot_interfaces/lib/python3.12/site-packages/my_robot_interfaces/action'...\n"}
[1.724187] (my_robot_interfaces) StdoutLine: {'line': b'-- Up-to-date: /home/jazib-manzoor/ros2_ws/install/my_robot_interfaces/lib/libmy_robot_interfaces__rosidl_generator_py.so\n'}
[1.724492] (my_robot_interfaces) StdoutLine: {'line': b'-- Up-to-date: /home/jazib-manzoor/ros2_ws/install/my_robot_interfaces/share/my_robot_interfaces/cmake/export_my_robot_interfaces__rosidl_generator_cExport.cmake\n'}
[1.724984] (my_robot_interfaces) StdoutLine: {'line': b'-- Up-to-date: /home/jazib-manzoor/ros2_ws/install/my_robot_interfaces/share/my_robot_interfaces/cmake/export_my_robot_interfaces__rosidl_generator_cExport-noconfig.cmake\n'}
[1.725435] (my_robot_interfaces) StdoutLine: {'line': b'-- Up-to-date: /home/jazib-manzoor/ros2_ws/install/my_robot_interfaces/share/my_robot_interfaces/cmake/export_my_robot_interfaces__rosidl_typesupport_fastrtps_cExport.cmake\n'}
[1.725617] (my_robot_interfaces) StdoutLine: {'line': b'-- Up-to-date: /home/jazib-manzoor/ros2_ws/install/my_robot_interfaces/share/my_robot_interfaces/cmake/export_my_robot_interfaces__rosidl_typesupport_fastrtps_cExport-noconfig.cmake\n'}
[1.725752] (my_robot_interfaces) StdoutLine: {'line': b'-- Up-to-date: /home/jazib-manzoor/ros2_ws/install/my_robot_interfaces/share/my_robot_interfaces/cmake/my_robot_interfaces__rosidl_typesupport_introspection_cExport.cmake\n'}
[1.725865] (my_robot_interfaces) StdoutLine: {'line': b'-- Up-to-date: /home/jazib-manzoor/ros2_ws/install/my_robot_interfaces/share/my_robot_interfaces/cmake/my_robot_interfaces__rosidl_typesupport_introspection_cExport-noconfig.cmake\n'}
[1.725979] (my_robot_interfaces) StdoutLine: {'line': b'-- Up-to-date: /home/jazib-manzoor/ros2_ws/install/my_robot_interfaces/share/my_robot_interfaces/cmake/my_robot_interfaces__rosidl_typesupport_cExport.cmake\n'}
[1.726089] (my_robot_interfaces) StdoutLine: {'line': b'-- Up-to-date: /home/jazib-manzoor/ros2_ws/install/my_robot_interfaces/share/my_robot_interfaces/cmake/my_robot_interfaces__rosidl_typesupport_cExport-noconfig.cmake\n'}
[1.726392] (my_robot_interfaces) StdoutLine: {'line': b'-- Up-to-date: /home/jazib-manzoor/ros2_ws/install/my_robot_interfaces/share/my_robot_interfaces/cmake/export_my_robot_interfaces__rosidl_generator_cppExport.cmake\n'}
[1.726600] (my_robot_interfaces) StdoutLine: {'line': b'-- Up-to-date: /home/jazib-manzoor/ros2_ws/install/my_robot_interfaces/share/my_robot_interfaces/cmake/export_my_robot_interfaces__rosidl_typesupport_fastrtps_cppExport.cmake\n'}
[1.726787] (my_robot_interfaces) StdoutLine: {'line': b'-- Up-to-date: /home/jazib-manzoor/ros2_ws/install/my_robot_interfaces/share/my_robot_interfaces/cmake/export_my_robot_interfaces__rosidl_typesupport_fastrtps_cppExport-noconfig.cmake\n'}
[1.727007] (my_robot_interfaces) StdoutLine: {'line': b'-- Up-to-date: /home/jazib-manzoor/ros2_ws/install/my_robot_interfaces/share/my_robot_interfaces/cmake/my_robot_interfaces__rosidl_typesupport_introspection_cppExport.cmake\n'}
[1.727182] (my_robot_interfaces) StdoutLine: {'line': b'-- Up-to-date: /home/jazib-manzoor/ros2_ws/install/my_robot_interfaces/share/my_robot_interfaces/cmake/my_robot_interfaces__rosidl_typesupport_introspection_cppExport-noconfig.cmake\n'}
[1.727375] (my_robot_interfaces) StdoutLine: {'line': b'-- Up-to-date: /home/jazib-manzoor/ros2_ws/install/my_robot_interfaces/share/my_robot_interfaces/cmake/my_robot_interfaces__rosidl_typesupport_cppExport.cmake\n'}
[1.727586] (my_robot_interfaces) StdoutLine: {'line': b'-- Up-to-date: /home/jazib-manzoor/ros2_ws/install/my_robot_interfaces/share/my_robot_interfaces/cmake/my_robot_interfaces__rosidl_typesupport_cppExport-noconfig.cmake\n'}
[1.727766] (my_robot_interfaces) StdoutLine: {'line': b'-- Up-to-date: /home/jazib-manzoor/ros2_ws/install/my_robot_interfaces/share/my_robot_interfaces/cmake/export_my_robot_interfaces__rosidl_generator_pyExport.cmake\n'}
[1.727923] (my_robot_interfaces) StdoutLine: {'line': b'-- Up-to-date: /home/jazib-manzoor/ros2_ws/install/my_robot_interfaces/share/my_robot_interfaces/cmake/export_my_robot_interfaces__rosidl_generator_pyExport-noconfig.cmake\n'}
[1.728125] (my_robot_interfaces) CommandEnded: {'returncode': 0}
[1.762144] (my_robot_interfaces) JobEnded: {'identifier': 'my_robot_interfaces', 'rc': 0}
[1.765291] (my_first_robot) JobStarted: {'identifier': 'my_first_robot'}
[1.805427] (-) TimerEvent: {}
[1.905856] (-) TimerEvent: {}
[2.006265] (-) TimerEvent: {}
[2.106703] (-) TimerEvent: {}
[2.207121] (-) TimerEvent: {}
[2.307542] (-) TimerEvent: {}
[2.407976] (-) TimerEvent: {}
[2.508327] (-) TimerEvent: {}
[2.608759] (-) TimerEvent: {}
[2.709157] (-) TimerEvent: {}
[2.809693] (-) TimerEvent: {}
[2.910124] (-) TimerEvent: {}
[3.010592] (-) TimerEvent: {}
[3.111051] (-) TimerEvent: {}
[3.211477] (-) TimerEvent: {}
[3.311895] (-) TimerEvent: {}
[3.412328] (-) TimerEvent: {}
[3.512768] (-) TimerEvent: {}
[3.601981] (ble_localization) Command: {'cmd': ['/usr/bin/python3', '-W', 'ignore:setup.py install is deprecated', '-W', 'ignore:easy_install command is deprecated', 'setup.py', 'develop', '--editable', '--build-directory', '/home/jazib-manzoor/ros2_ws/build/ble_localization/build', '--no-deps', 'symlink_data'], 'cwd': '/home/jazib-manzoor/ros2_ws/build/ble_localization', 'env': {'PYTHON_BASIC_REPL': '1', 'LESSOPEN': '| /usr/bin/lesspipe %s', 'GZ_SIM_RESOURCE_PATH': '/opt/ros/jazzy/share', 'USER': 'jazib-manzoor', 'GZ_CONFIG_PATH': '/opt/ros/jazzy/opt/gz_sim_vendor/share/gz:/opt/ros/jazzy/opt/sdformat_vendor/share/gz:/opt/ros/jazzy/opt/gz_gui_vendor/share/gz:/opt/ros/jazzy/opt/gz_transport_vendor/share/gz:/opt/ros/jazzy/opt/gz_rendering_vendor/share/gz:/opt/ros/jazzy/opt/gz_plugin_vendor/share/gz:/opt/ros/jazzy/opt/gz_fuel_tools_vendor/share/gz:/opt/ros/jazzy/opt/gz_msgs_vendor/share/gz:/opt/ros/jazzy/opt/gz_common_vendor/share/gz', 'XDG_SESSION_TYPE': 'x11', 'SHLVL': '2', 'LD_LIBRARY_PATH': '/home/jazib-manzoor/ros2_ws/install/my_robot_interfaces/lib:/opt/ros/jazzy/opt/gz_sim_vendor/lib:/opt/ros/jazzy/opt/gz_sensors_vendor/lib:/opt/ros/jazzy/opt/gz_physics_vendor/lib:/opt/ros/jazzy/opt/sdformat_vendor/lib:/opt/ros/jazzy/opt/rviz_ogre_vendor/lib:/opt/ros/jazzy/lib/x86_64-linux-gnu:/opt/ros/jazzy/opt/gz_gui_vendor/lib:/opt/ros/jazzy/opt/gz_transport_vendor/lib:/opt/ros/jazzy/opt/gz_rendering_vendor/lib:/opt/ros/jazzy/opt/gz_plugin_vendor/lib:/opt/ros/jazzy/opt/gz_fuel_tools_vendor/lib:/opt/ros/jazzy/opt/gz_msgs_vendor/lib:/opt/ros/jazzy/opt/gz_common_vendor/lib:/opt/ros/jazzy/opt/gz_math_vendor/lib:/opt/ros/jazzy/opt/gz_utils_vendor/lib:/opt/ros/jazzy/opt/gz_tools_vendor/lib:/opt/ros/jazzy/opt/gz_ogre_next_vendor/lib:/opt/ros/jazzy/opt/gz_dartsim_vendor/lib:/opt/ros/jazzy/opt/gz_cmake_vendor/lib:/opt/ros/jazzy/lib', 'HOME': '/home/jazib-manzoor', 'CHROME_DESKTOP': 'code.desktop', 'OLDPWD': '/home/jazib-manzoor/ros2_ws', 'TERM_PROGRAM_VERSION': '1.131.0', 'DESKTOP_SESSION': 'ubuntu', 'ROS_PYTHON_VERSION': '3', 'GNOME_SHELL_SESSION_MODE': 'ubuntu', 'GTK_MODULES': 'gail:atk-bridge', 'PYDEVD_DISABLE_FILE_VALIDATION': '1', 'SYSTEMD_EXEC_PID': '2768', 'BUNDLED_DEBUGPY_PATH': '/home/jazib-manzoor/.vscode/extensions/ms-python.debugpy-2026.6.0-linux-x64/bundled/libs/debugpy', 'VSCODE_PYTHON_AUTOACTIVATE_GUARD': '1', 'GSM_SKIP_SSH_AGENT_WORKAROUND': 'true', 'DBUS_SESSION_BUS_ADDRESS': 'unix:path=/run/user/1000/bus', 'COLORTERM': 'truecolor', 'GNOME_KEYRING_CONTROL': '/run/user/1000/keyring', 'DEBUGINFOD_URLS': 'https://debuginfod.ubuntu.com', 'COLCON_PREFIX_PATH': '/home/jazib-manzoor/ros2_ws/install', 'ROS_DISTRO': 'jazzy', 'LOGNAME': 'jazib-manzoor', '_': '/usr/bin/colcon', 'ROS_VERSION': '2', 'MEMORY_PRESSURE_WATCH': '/sys/fs/cgroup/user.slice/user-1000.slice/user@1000.service/session.slice/org.gnome.SettingsDaemon.MediaKeys.service/memory.pressure', 'XDG_SESSION_CLASS': 'user', 'USERNAME': 'jazib-manzoor', 'TERM': 'xterm-256color', 'GNOME_DESKTOP_SESSION_ID': 'this-is-deprecated', 'FC_FONTATIONS': '1', 'WINDOWPATH': '2', 'PATH': '/home/jazib-manzoor/.config/Code/User/globalStorage/github.copilot-chat/debugCommand:/home/jazib-manzoor/.config/Code/User/globalStorage/github.copilot-chat/copilotCli:/opt/ros/jazzy/opt/gz_msgs_vendor/bin:/opt/ros/jazzy/opt/gz_tools_vendor/bin:/opt/ros/jazzy/opt/gz_ogre_next_vendor/bin:/opt/ros/jazzy/bin:/usr/local/sbin:/usr/local/bin:/usr/sbin:/usr/bin:/sbin:/bin:/usr/games:/usr/local/games:/snap/bin:/snap/bin:/home/jazib-manzoor/.vscode/extensions/ms-python.debugpy-2026.6.0-linux-x64/bundled/scripts/noConfigScripts', 'SESSION_MANAGER': 'local/Farz-Victus:@/tmp/.ICE-unix/2581,unix/Farz-Victus:/tmp/.ICE-unix/2581', 'XDG_MENU_PREFIX': 'gnome-', 'GNOME_TERMINAL_SCREEN': '/org/gnome/Terminal/screen/146f1ca5_b79a_4548_a834_75b673a72b41', 'XDG_RUNTIME_DIR': '/run/user/1000', 'GDK_BACKEND': 'x11', 'DISPLAY': ':1', 'VSCODE_DEBUGPY_ADAPTER_ENDPOINTS': '/home/jazib-manzoor/.vscode/extensions/ms-python.debugpy-2026.6.0-linux-x64/.noConfigDebugAdapterEndpoints/endpoint-bbe4a8b07941a9c9.txt', 'LANG': 'en_US.UTF-8', 'XDG_CURRENT_DESKTOP': 'ubuntu:GNOME', 'PYTHONSTARTUP': '/home/jazib-manzoor/.config/Code/User/workspaceStorage/fd8d9a3fcaf45405274ce501d3ea82d0/ms-python.python/pythonrc.py', 'XMODIFIERS': '@im=ibus', 'XDG_SESSION_DESKTOP': 'ubuntu', 'XAUTHORITY': '/run/user/1000/gdm/Xauthority', 'LS_COLORS': 'rs=0:di=01;34:ln=01;36:mh=00:pi=40;33:so=01;35:do=01;35:bd=40;33;01:cd=40;33;01:or=40;31;01:mi=00:su=37;41:sg=30;43:ca=00:tw=30;42:ow=34;42:st=37;44:ex=01;32:*.tar=01;31:*.tgz=01;31:*.arc=01;31:*.arj=01;31:*.taz=01;31:*.lha=01;31:*.lz4=01;31:*.lzh=01;31:*.lzma=01;31:*.tlz=01;31:*.txz=01;31:*.tzo=01;31:*.t7z=01;31:*.zip=01;31:*.z=01;31:*.dz=01;31:*.gz=01;31:*.lrz=01;31:*.lz=01;31:*.lzo=01;31:*.xz=01;31:*.zst=01;31:*.tzst=01;31:*.bz2=01;31:*.bz=01;31:*.tbz=01;31:*.tbz2=01;31:*.tz=01;31:*.deb=01;31:*.rpm=01;31:*.jar=01;31:*.war=01;31:*.ear=01;31:*.sar=01;31:*.rar=01;31:*.alz=01;31:*.ace=01;31:*.zoo=01;31:*.cpio=01;31:*.7z=01;31:*.rz=01;31:*.cab=01;31:*.wim=01;31:*.swm=01;31:*.dwm=01;31:*.esd=01;31:*.avif=01;35:*.jpg=01;35:*.jpeg=01;35:*.mjpg=01;35:*.mjpeg=01;35:*.gif=01;35:*.bmp=01;35:*.pbm=01;35:*.pgm=01;35:*.ppm=01;35:*.tga=01;35:*.xbm=01;35:*.xpm=01;35:*.tif=01;35:*.tiff=01;35:*.png=01;35:*.svg=01;35:*.svgz=01;35:*.mng=01;35:*.pcx=01;35:*.mov=01;35:*.mpg=01;35:*.mpeg=01;35:*.m2v=01;35:*.mkv=01;35:*.webm=01;35:*.webp=01;35:*.ogm=01;35:*.mp4=01;35:*.m4v=01;35:*.mp4v=01;35:*.vob=01;35:*.qt=01;35:*.nuv=01;35:*.wmv=01;35:*.asf=01;35:*.rm=01;35:*.rmvb=01;35:*.flc=01;35:*.avi=01;35:*.fli=01;35:*.flv=01;35:*.gl=01;35:*.dl=01;35:*.xcf=01;35:*.xwd=01;35:*.yuv=01;35:*.cgm=01;35:*.emf=01;35:*.ogv=01;35:*.ogx=01;35:*.aac=00;36:*.au=00;36:*.flac=00;36:*.m4a=00;36:*.mid=00;36:*.midi=00;36:*.mka=00;36:*.mp3=00;36:*.mpc=00;36:*.ogg=00;36:*.ra=00;36:*.wav=00;36:*.oga=00;36:*.opus=00;36:*.spx=00;36:*.xspf=00;36:*~=00;90:*#=00;90:*.bak=00;90:*.crdownload=00;90:*.dpkg-dist=00;90:*.dpkg-new=00;90:*.dpkg-old=00;90:*.dpkg-tmp=00;90:*.old=00;90:*.orig=00;90:*.part=00;90:*.rej=00;90:*.rpmnew=00;90:*.rpmorig=00;90:*.rpmsave=00;90:*.swp=00;90:*.tmp=00;90:*.ucf-dist=00;90:*.ucf-new=00;90:*.ucf-old=00;90:', 'GNOME_TERMINAL_SERVICE': ':1.98', 'TERM_PROGRAM': 'vscode', 'SSH_AUTH_SOCK': '/run/user/1000/keyring/ssh', 'AMENT_PREFIX_PATH': '/home/jazib-manzoor/ros2_ws/install/tf2_learning:/home/jazib-manzoor/ros2_ws/install/robot_description:/home/jazib-manzoor/ros2_ws/install/my_first_robot:/home/jazib-manzoor/ros2_ws/install/my_robot_interfaces:/home/jazib-manzoor/ros2_ws/install/cmd_vel_bridge:/home/jazib-manzoor/ros2_ws/install/ble_localization:/opt/ros/jazzy', 'SHELL': '/bin/bash', 'QT_ACCESSIBILITY': '1', 'GDMSESSION': 'ubuntu', 'LESSCLOSE': '/usr/bin/lesspipe %s %s', 'GPG_AGENT_INFO': '/run/user/1000/gnupg/S.gpg-agent:0:1', 'ROS_AUTOMATIC_DISCOVERY_RANGE': 'SUBNET', 'QT_IM_MODULE': 'ibus', 'PWD': '/home/jazib-manzoor/ros2_ws/build/ble_localization', 'XDG_CONFIG_DIRS': '/etc/xdg/xdg-ubuntu:/etc/xdg', 'COPILOT_DEBUG_NONCE': '6e66200d91d2a09f0588609208457d5d', 'XDG_DATA_DIRS': '/usr/share/ubuntu:/usr/share/gnome:/usr/local/share/:/usr/share/:/var/lib/snapd/desktop', 'PYTHONPATH': '/home/jazib-manzoor/ros2_ws/build/ble_localization/prefix_override:/usr/lib/python3/dist-packages/colcon_core/task/python/colcon_distutils_commands:/home/jazib-manzoor/ros2_ws/install/ble_localization/lib/python3.12/site-packages:/home/jazib-manzoor/ros2_ws/build/tf2_learning:/home/jazib-manzoor/ros2_ws/install/tf2_learning/lib/python3.12/site-packages:/home/jazib-manzoor/ros2_ws/build/robot_description:/home/jazib-manzoor/ros2_ws/install/robot_description/lib/python3.12/site-packages:/home/jazib-manzoor/ros2_ws/build/my_first_robot:/home/jazib-manzoor/ros2_ws/install/my_first_robot/lib/python3.12/site-packages:/home/jazib-manzoor/ros2_ws/install/my_robot_interfaces/lib/python3.12/site-packages:/home/jazib-manzoor/ros2_ws/build/cmd_vel_bridge:/home/jazib-manzoor/ros2_ws/install/cmd_vel_bridge/lib/python3.12/site-packages:/home/jazib-manzoor/ros2_ws/build/ble_localization:/home/jazib-manzoor/ros2_ws/install/ble_localization/lib/python3.12/site-packages:/opt/ros/jazzy/lib/python3.12/site-packages', 'COLCON': '1', 'MEMORY_PRESSURE_WRITE': 'c29tZSAyMDAwMDAgMjAwMDAwMAA=', 'VTE_VERSION': '7600', 'CMAKE_PREFIX_PATH': '/home/jazib-manzoor/ros2_ws/install/my_robot_interfaces:/opt/ros/jazzy/opt/gz_sim_vendor:/opt/ros/jazzy/opt/gz_sensors_vendor:/opt/ros/jazzy/opt/gz_physics_vendor:/opt/ros/jazzy/opt/sdformat_vendor:/opt/ros/jazzy/opt/gz_gui_vendor:/opt/ros/jazzy/opt/gz_transport_vendor:/opt/ros/jazzy/opt/gz_rendering_vendor:/opt/ros/jazzy/opt/gz_plugin_vendor:/opt/ros/jazzy/opt/gz_fuel_tools_vendor:/opt/ros/jazzy/opt/gz_msgs_vendor:/opt/ros/jazzy/opt/gz_common_vendor:/opt/ros/jazzy/opt/gz_math_vendor:/opt/ros/jazzy/opt/gz_utils_vendor:/opt/ros/jazzy/opt/gz_tools_vendor:/opt/ros/jazzy/opt/gz_ogre_next_vendor:/opt/ros/jazzy/opt/gz_dartsim_vendor:/opt/ros/jazzy/opt/gz_cmake_vendor'}, 'shell': False}
[3.607432] (tf2_learning) Command: {'cmd': ['/usr/bin/python3', '-W', 'ignore:setup.py install is deprecated', '-W', 'ignore:easy_install command is deprecated', 'setup.py', 'develop', '--editable', '--build-directory', '/home/jazib-manzoor/ros2_ws/build/tf2_learning/build', '--no-deps', 'symlink_data'], 'cwd': '/home/jazib-manzoor/ros2_ws/build/tf2_learning', 'env': {'PYTHON_BASIC_REPL': '1', 'LESSOPEN': '| /usr/bin/lesspipe %s', 'GZ_SIM_RESOURCE_PATH': '/opt/ros/jazzy/share', 'USER': 'jazib-manzoor', 'GZ_CONFIG_PATH': '/opt/ros/jazzy/opt/gz_sim_vendor/share/gz:/opt/ros/jazzy/opt/sdformat_vendor/share/gz:/opt/ros/jazzy/opt/gz_gui_vendor/share/gz:/opt/ros/jazzy/opt/gz_transport_vendor/share/gz:/opt/ros/jazzy/opt/gz_rendering_vendor/share/gz:/opt/ros/jazzy/opt/gz_plugin_vendor/share/gz:/opt/ros/jazzy/opt/gz_fuel_tools_vendor/share/gz:/opt/ros/jazzy/opt/gz_msgs_vendor/share/gz:/opt/ros/jazzy/opt/gz_common_vendor/share/gz', 'XDG_SESSION_TYPE': 'x11', 'SHLVL': '2', 'LD_LIBRARY_PATH': '/home/jazib-manzoor/ros2_ws/install/my_robot_interfaces/lib:/opt/ros/jazzy/opt/gz_sim_vendor/lib:/opt/ros/jazzy/opt/gz_sensors_vendor/lib:/opt/ros/jazzy/opt/gz_physics_vendor/lib:/opt/ros/jazzy/opt/sdformat_vendor/lib:/opt/ros/jazzy/opt/rviz_ogre_vendor/lib:/opt/ros/jazzy/lib/x86_64-linux-gnu:/opt/ros/jazzy/opt/gz_gui_vendor/lib:/opt/ros/jazzy/opt/gz_transport_vendor/lib:/opt/ros/jazzy/opt/gz_rendering_vendor/lib:/opt/ros/jazzy/opt/gz_plugin_vendor/lib:/opt/ros/jazzy/opt/gz_fuel_tools_vendor/lib:/opt/ros/jazzy/opt/gz_msgs_vendor/lib:/opt/ros/jazzy/opt/gz_common_vendor/lib:/opt/ros/jazzy/opt/gz_math_vendor/lib:/opt/ros/jazzy/opt/gz_utils_vendor/lib:/opt/ros/jazzy/opt/gz_tools_vendor/lib:/opt/ros/jazzy/opt/gz_ogre_next_vendor/lib:/opt/ros/jazzy/opt/gz_dartsim_vendor/lib:/opt/ros/jazzy/opt/gz_cmake_vendor/lib:/opt/ros/jazzy/lib', 'HOME': '/home/jazib-manzoor', 'CHROME_DESKTOP': 'code.desktop', 'OLDPWD': '/home/jazib-manzoor/ros2_ws', 'TERM_PROGRAM_VERSION': '1.131.0', 'DESKTOP_SESSION': 'ubuntu', 'ROS_PYTHON_VERSION': '3', 'GNOME_SHELL_SESSION_MODE': 'ubuntu', 'GTK_MODULES': 'gail:atk-bridge', 'PYDEVD_DISABLE_FILE_VALIDATION': '1', 'SYSTEMD_EXEC_PID': '2768', 'BUNDLED_DEBUGPY_PATH': '/home/jazib-manzoor/.vscode/extensions/ms-python.debugpy-2026.6.0-linux-x64/bundled/libs/debugpy', 'VSCODE_PYTHON_AUTOACTIVATE_GUARD': '1', 'GSM_SKIP_SSH_AGENT_WORKAROUND': 'true', 'DBUS_SESSION_BUS_ADDRESS': 'unix:path=/run/user/1000/bus', 'COLORTERM': 'truecolor', 'GNOME_KEYRING_CONTROL': '/run/user/1000/keyring', 'DEBUGINFOD_URLS': 'https://debuginfod.ubuntu.com', 'COLCON_PREFIX_PATH': '/home/jazib-manzoor/ros2_ws/install', 'ROS_DISTRO': 'jazzy', 'LOGNAME': 'jazib-manzoor', '_': '/usr/bin/colcon', 'ROS_VERSION': '2', 'MEMORY_PRESSURE_WATCH': '/sys/fs/cgroup/user.slice/user-1000.slice/user@1000.service/session.slice/org.gnome.SettingsDaemon.MediaKeys.service/memory.pressure', 'XDG_SESSION_CLASS': 'user', 'USERNAME': 'jazib-manzoor', 'TERM': 'xterm-256color', 'GNOME_DESKTOP_SESSION_ID': 'this-is-deprecated', 'FC_FONTATIONS': '1', 'WINDOWPATH': '2', 'PATH': '/home/jazib-manzoor/.config/Code/User/globalStorage/github.copilot-chat/debugCommand:/home/jazib-manzoor/.config/Code/User/globalStorage/github.copilot-chat/copilotCli:/opt/ros/jazzy/opt/gz_msgs_vendor/bin:/opt/ros/jazzy/opt/gz_tools_vendor/bin:/opt/ros/jazzy/opt/gz_ogre_next_vendor/bin:/opt/ros/jazzy/bin:/usr/local/sbin:/usr/local/bin:/usr/sbin:/usr/bin:/sbin:/bin:/usr/games:/usr/local/games:/snap/bin:/snap/bin:/home/jazib-manzoor/.vscode/extensions/ms-python.debugpy-2026.6.0-linux-x64/bundled/scripts/noConfigScripts', 'SESSION_MANAGER': 'local/Farz-Victus:@/tmp/.ICE-unix/2581,unix/Farz-Victus:/tmp/.ICE-unix/2581', 'XDG_MENU_PREFIX': 'gnome-', 'GNOME_TERMINAL_SCREEN': '/org/gnome/Terminal/screen/146f1ca5_b79a_4548_a834_75b673a72b41', 'XDG_RUNTIME_DIR': '/run/user/1000', 'GDK_BACKEND': 'x11', 'DISPLAY': ':1', 'VSCODE_DEBUGPY_ADAPTER_ENDPOINTS': '/home/jazib-manzoor/.vscode/extensions/ms-python.debugpy-2026.6.0-linux-x64/.noConfigDebugAdapterEndpoints/endpoint-bbe4a8b07941a9c9.txt', 'LANG': 'en_US.UTF-8', 'XDG_CURRENT_DESKTOP': 'ubuntu:GNOME', 'PYTHONSTARTUP': '/home/jazib-manzoor/.config/Code/User/workspaceStorage/fd8d9a3fcaf45405274ce501d3ea82d0/ms-python.python/pythonrc.py', 'XMODIFIERS': '@im=ibus', 'XDG_SESSION_DESKTOP': 'ubuntu', 'XAUTHORITY': '/run/user/1000/gdm/Xauthority', 'LS_COLORS': 'rs=0:di=01;34:ln=01;36:mh=00:pi=40;33:so=01;35:do=01;35:bd=40;33;01:cd=40;33;01:or=40;31;01:mi=00:su=37;41:sg=30;43:ca=00:tw=30;42:ow=34;42:st=37;44:ex=01;32:*.tar=01;31:*.tgz=01;31:*.arc=01;31:*.arj=01;31:*.taz=01;31:*.lha=01;31:*.lz4=01;31:*.lzh=01;31:*.lzma=01;31:*.tlz=01;31:*.txz=01;31:*.tzo=01;31:*.t7z=01;31:*.zip=01;31:*.z=01;31:*.dz=01;31:*.gz=01;31:*.lrz=01;31:*.lz=01;31:*.lzo=01;31:*.xz=01;31:*.zst=01;31:*.tzst=01;31:*.bz2=01;31:*.bz=01;31:*.tbz=01;31:*.tbz2=01;31:*.tz=01;31:*.deb=01;31:*.rpm=01;31:*.jar=01;31:*.war=01;31:*.ear=01;31:*.sar=01;31:*.rar=01;31:*.alz=01;31:*.ace=01;31:*.zoo=01;31:*.cpio=01;31:*.7z=01;31:*.rz=01;31:*.cab=01;31:*.wim=01;31:*.swm=01;31:*.dwm=01;31:*.esd=01;31:*.avif=01;35:*.jpg=01;35:*.jpeg=01;35:*.mjpg=01;35:*.mjpeg=01;35:*.gif=01;35:*.bmp=01;35:*.pbm=01;35:*.pgm=01;35:*.ppm=01;35:*.tga=01;35:*.xbm=01;35:*.xpm=01;35:*.tif=01;35:*.tiff=01;35:*.png=01;35:*.svg=01;35:*.svgz=01;35:*.mng=01;35:*.pcx=01;35:*.mov=01;35:*.mpg=01;35:*.mpeg=01;35:*.m2v=01;35:*.mkv=01;35:*.webm=01;35:*.webp=01;35:*.ogm=01;35:*.mp4=01;35:*.m4v=01;35:*.mp4v=01;35:*.vob=01;35:*.qt=01;35:*.nuv=01;35:*.wmv=01;35:*.asf=01;35:*.rm=01;35:*.rmvb=01;35:*.flc=01;35:*.avi=01;35:*.fli=01;35:*.flv=01;35:*.gl=01;35:*.dl=01;35:*.xcf=01;35:*.xwd=01;35:*.yuv=01;35:*.cgm=01;35:*.emf=01;35:*.ogv=01;35:*.ogx=01;35:*.aac=00;36:*.au=00;36:*.flac=00;36:*.m4a=00;36:*.mid=00;36:*.midi=00;36:*.mka=00;36:*.mp3=00;36:*.mpc=00;36:*.ogg=00;36:*.ra=00;36:*.wav=00;36:*.oga=00;36:*.opus=00;36:*.spx=00;36:*.xspf=00;36:*~=00;90:*#=00;90:*.bak=00;90:*.crdownload=00;90:*.dpkg-dist=00;90:*.dpkg-new=00;90:*.dpkg-old=00;90:*.dpkg-tmp=00;90:*.old=00;90:*.orig=00;90:*.part=00;90:*.rej=00;90:*.rpmnew=00;90:*.rpmorig=00;90:*.rpmsave=00;90:*.swp=00;90:*.tmp=00;90:*.ucf-dist=00;90:*.ucf-new=00;90:*.ucf-old=00;90:', 'GNOME_TERMINAL_SERVICE': ':1.98', 'TERM_PROGRAM': 'vscode', 'SSH_AUTH_SOCK': '/run/user/1000/keyring/ssh', 'AMENT_PREFIX_PATH': '/home/jazib-manzoor/ros2_ws/install/tf2_learning:/home/jazib-manzoor/ros2_ws/install/robot_description:/home/jazib-manzoor/ros2_ws/install/my_first_robot:/home/jazib-manzoor/ros2_ws/install/my_robot_interfaces:/home/jazib-manzoor/ros2_ws/install/cmd_vel_bridge:/home/jazib-manzoor/ros2_ws/install/ble_localization:/opt/ros/jazzy', 'SHELL': '/bin/bash', 'QT_ACCESSIBILITY': '1', 'GDMSESSION': 'ubuntu', 'LESSCLOSE': '/usr/bin/lesspipe %s %s', 'GPG_AGENT_INFO': '/run/user/1000/gnupg/S.gpg-agent:0:1', 'ROS_AUTOMATIC_DISCOVERY_RANGE': 'SUBNET', 'QT_IM_MODULE': 'ibus', 'PWD': '/home/jazib-manzoor/ros2_ws/build/tf2_learning', 'XDG_CONFIG_DIRS': '/etc/xdg/xdg-ubuntu:/etc/xdg', 'COPILOT_DEBUG_NONCE': '6e66200d91d2a09f0588609208457d5d', 'XDG_DATA_DIRS': '/usr/share/ubuntu:/usr/share/gnome:/usr/local/share/:/usr/share/:/var/lib/snapd/desktop', 'PYTHONPATH': '/home/jazib-manzoor/ros2_ws/build/tf2_learning/prefix_override:/usr/lib/python3/dist-packages/colcon_core/task/python/colcon_distutils_commands:/home/jazib-manzoor/ros2_ws/install/tf2_learning/lib/python3.12/site-packages:/home/jazib-manzoor/ros2_ws/build/tf2_learning:/home/jazib-manzoor/ros2_ws/install/tf2_learning/lib/python3.12/site-packages:/home/jazib-manzoor/ros2_ws/build/robot_description:/home/jazib-manzoor/ros2_ws/install/robot_description/lib/python3.12/site-packages:/home/jazib-manzoor/ros2_ws/build/my_first_robot:/home/jazib-manzoor/ros2_ws/install/my_first_robot/lib/python3.12/site-packages:/home/jazib-manzoor/ros2_ws/install/my_robot_interfaces/lib/python3.12/site-packages:/home/jazib-manzoor/ros2_ws/build/cmd_vel_bridge:/home/jazib-manzoor/ros2_ws/install/cmd_vel_bridge/lib/python3.12/site-packages:/home/jazib-manzoor/ros2_ws/build/ble_localization:/home/jazib-manzoor/ros2_ws/install/ble_localization/lib/python3.12/site-packages:/opt/ros/jazzy/lib/python3.12/site-packages', 'COLCON': '1', 'MEMORY_PRESSURE_WRITE': 'c29tZSAyMDAwMDAgMjAwMDAwMAA=', 'VTE_VERSION': '7600', 'CMAKE_PREFIX_PATH': '/home/jazib-manzoor/ros2_ws/install/my_robot_interfaces:/opt/ros/jazzy/opt/gz_sim_vendor:/opt/ros/jazzy/opt/gz_sensors_vendor:/opt/ros/jazzy/opt/gz_physics_vendor:/opt/ros/jazzy/opt/sdformat_vendor:/opt/ros/jazzy/opt/gz_gui_vendor:/opt/ros/jazzy/opt/gz_transport_vendor:/opt/ros/jazzy/opt/gz_rendering_vendor:/opt/ros/jazzy/opt/gz_plugin_vendor:/opt/ros/jazzy/opt/gz_fuel_tools_vendor:/opt/ros/jazzy/opt/gz_msgs_vendor:/opt/ros/jazzy/opt/gz_common_vendor:/opt/ros/jazzy/opt/gz_math_vendor:/opt/ros/jazzy/opt/gz_utils_vendor:/opt/ros/jazzy/opt/gz_tools_vendor:/opt/ros/jazzy/opt/gz_ogre_next_vendor:/opt/ros/jazzy/opt/gz_dartsim_vendor:/opt/ros/jazzy/opt/gz_cmake_vendor'}, 'shell': False}
[3.612866] (-) TimerEvent: {}
[3.622633] (robot_description) Command: {'cmd': ['/usr/bin/python3', '-W', 'ignore:setup.py install is deprecated', '-W', 'ignore:easy_install command is deprecated', 'setup.py', 'develop', '--editable', '--build-directory', '/home/jazib-manzoor/ros2_ws/build/robot_description/build', '--no-deps', 'symlink_data'], 'cwd': '/home/jazib-manzoor/ros2_ws/build/robot_description', 'env': {'PYTHON_BASIC_REPL': '1', 'LESSOPEN': '| /usr/bin/lesspipe %s', 'GZ_SIM_RESOURCE_PATH': '/opt/ros/jazzy/share', 'USER': 'jazib-manzoor', 'GZ_CONFIG_PATH': '/opt/ros/jazzy/opt/gz_sim_vendor/share/gz:/opt/ros/jazzy/opt/sdformat_vendor/share/gz:/opt/ros/jazzy/opt/gz_gui_vendor/share/gz:/opt/ros/jazzy/opt/gz_transport_vendor/share/gz:/opt/ros/jazzy/opt/gz_rendering_vendor/share/gz:/opt/ros/jazzy/opt/gz_plugin_vendor/share/gz:/opt/ros/jazzy/opt/gz_fuel_tools_vendor/share/gz:/opt/ros/jazzy/opt/gz_msgs_vendor/share/gz:/opt/ros/jazzy/opt/gz_common_vendor/share/gz', 'XDG_SESSION_TYPE': 'x11', 'SHLVL': '2', 'LD_LIBRARY_PATH': '/home/jazib-manzoor/ros2_ws/install/my_robot_interfaces/lib:/opt/ros/jazzy/opt/gz_sim_vendor/lib:/opt/ros/jazzy/opt/gz_sensors_vendor/lib:/opt/ros/jazzy/opt/gz_physics_vendor/lib:/opt/ros/jazzy/opt/sdformat_vendor/lib:/opt/ros/jazzy/opt/rviz_ogre_vendor/lib:/opt/ros/jazzy/lib/x86_64-linux-gnu:/opt/ros/jazzy/opt/gz_gui_vendor/lib:/opt/ros/jazzy/opt/gz_transport_vendor/lib:/opt/ros/jazzy/opt/gz_rendering_vendor/lib:/opt/ros/jazzy/opt/gz_plugin_vendor/lib:/opt/ros/jazzy/opt/gz_fuel_tools_vendor/lib:/opt/ros/jazzy/opt/gz_msgs_vendor/lib:/opt/ros/jazzy/opt/gz_common_vendor/lib:/opt/ros/jazzy/opt/gz_math_vendor/lib:/opt/ros/jazzy/opt/gz_utils_vendor/lib:/opt/ros/jazzy/opt/gz_tools_vendor/lib:/opt/ros/jazzy/opt/gz_ogre_next_vendor/lib:/opt/ros/jazzy/opt/gz_dartsim_vendor/lib:/opt/ros/jazzy/opt/gz_cmake_vendor/lib:/opt/ros/jazzy/lib', 'HOME': '/home/jazib-manzoor', 'CHROME_DESKTOP': 'code.desktop', 'OLDPWD': '/home/jazib-manzoor/ros2_ws', 'TERM_PROGRAM_VERSION': '1.131.0', 'DESKTOP_SESSION': 'ubuntu', 'ROS_PYTHON_VERSION': '3', 'GNOME_SHELL_SESSION_MODE': 'ubuntu', 'GTK_MODULES': 'gail:atk-bridge', 'PYDEVD_DISABLE_FILE_VALIDATION': '1', 'SYSTEMD_EXEC_PID': '2768', 'BUNDLED_DEBUGPY_PATH': '/home/jazib-manzoor/.vscode/extensions/ms-python.debugpy-2026.6.0-linux-x64/bundled/libs/debugpy', 'VSCODE_PYTHON_AUTOACTIVATE_GUARD': '1', 'GSM_SKIP_SSH_AGENT_WORKAROUND': 'true', 'DBUS_SESSION_BUS_ADDRESS': 'unix:path=/run/user/1000/bus', 'COLORTERM': 'truecolor', 'GNOME_KEYRING_CONTROL': '/run/user/1000/keyring', 'DEBUGINFOD_URLS': 'https://debuginfod.ubuntu.com', 'COLCON_PREFIX_PATH': '/home/jazib-manzoor/ros2_ws/install', 'ROS_DISTRO': 'jazzy', 'LOGNAME': 'jazib-manzoor', '_': '/usr/bin/colcon', 'ROS_VERSION': '2', 'MEMORY_PRESSURE_WATCH': '/sys/fs/cgroup/user.slice/user-1000.slice/user@1000.service/session.slice/org.gnome.SettingsDaemon.MediaKeys.service/memory.pressure', 'XDG_SESSION_CLASS': 'user', 'USERNAME': 'jazib-manzoor', 'TERM': 'xterm-256color', 'GNOME_DESKTOP_SESSION_ID': 'this-is-deprecated', 'FC_FONTATIONS': '1', 'WINDOWPATH': '2', 'PATH': '/home/jazib-manzoor/.config/Code/User/globalStorage/github.copilot-chat/debugCommand:/home/jazib-manzoor/.config/Code/User/globalStorage/github.copilot-chat/copilotCli:/opt/ros/jazzy/opt/gz_msgs_vendor/bin:/opt/ros/jazzy/opt/gz_tools_vendor/bin:/opt/ros/jazzy/opt/gz_ogre_next_vendor/bin:/opt/ros/jazzy/bin:/usr/local/sbin:/usr/local/bin:/usr/sbin:/usr/bin:/sbin:/bin:/usr/games:/usr/local/games:/snap/bin:/snap/bin:/home/jazib-manzoor/.vscode/extensions/ms-python.debugpy-2026.6.0-linux-x64/bundled/scripts/noConfigScripts', 'SESSION_MANAGER': 'local/Farz-Victus:@/tmp/.ICE-unix/2581,unix/Farz-Victus:/tmp/.ICE-unix/2581', 'XDG_MENU_PREFIX': 'gnome-', 'GNOME_TERMINAL_SCREEN': '/org/gnome/Terminal/screen/146f1ca5_b79a_4548_a834_75b673a72b41', 'XDG_RUNTIME_DIR': '/run/user/1000', 'GDK_BACKEND': 'x11', 'DISPLAY': ':1', 'VSCODE_DEBUGPY_ADAPTER_ENDPOINTS': '/home/jazib-manzoor/.vscode/extensions/ms-python.debugpy-2026.6.0-linux-x64/.noConfigDebugAdapterEndpoints/endpoint-bbe4a8b07941a9c9.txt', 'LANG': 'en_US.UTF-8', 'XDG_CURRENT_DESKTOP': 'ubuntu:GNOME', 'PYTHONSTARTUP': '/home/jazib-manzoor/.config/Code/User/workspaceStorage/fd8d9a3fcaf45405274ce501d3ea82d0/ms-python.python/pythonrc.py', 'XMODIFIERS': '@im=ibus', 'XDG_SESSION_DESKTOP': 'ubuntu', 'XAUTHORITY': '/run/user/1000/gdm/Xauthority', 'LS_COLORS': 'rs=0:di=01;34:ln=01;36:mh=00:pi=40;33:so=01;35:do=01;35:bd=40;33;01:cd=40;33;01:or=40;31;01:mi=00:su=37;41:sg=30;43:ca=00:tw=30;42:ow=34;42:st=37;44:ex=01;32:*.tar=01;31:*.tgz=01;31:*.arc=01;31:*.arj=01;31:*.taz=01;31:*.lha=01;31:*.lz4=01;31:*.lzh=01;31:*.lzma=01;31:*.tlz=01;31:*.txz=01;31:*.tzo=01;31:*.t7z=01;31:*.zip=01;31:*.z=01;31:*.dz=01;31:*.gz=01;31:*.lrz=01;31:*.lz=01;31:*.lzo=01;31:*.xz=01;31:*.zst=01;31:*.tzst=01;31:*.bz2=01;31:*.bz=01;31:*.tbz=01;31:*.tbz2=01;31:*.tz=01;31:*.deb=01;31:*.rpm=01;31:*.jar=01;31:*.war=01;31:*.ear=01;31:*.sar=01;31:*.rar=01;31:*.alz=01;31:*.ace=01;31:*.zoo=01;31:*.cpio=01;31:*.7z=01;31:*.rz=01;31:*.cab=01;31:*.wim=01;31:*.swm=01;31:*.dwm=01;31:*.esd=01;31:*.avif=01;35:*.jpg=01;35:*.jpeg=01;35:*.mjpg=01;35:*.mjpeg=01;35:*.gif=01;35:*.bmp=01;35:*.pbm=01;35:*.pgm=01;35:*.ppm=01;35:*.tga=01;35:*.xbm=01;35:*.xpm=01;35:*.tif=01;35:*.tiff=01;35:*.png=01;35:*.svg=01;35:*.svgz=01;35:*.mng=01;35:*.pcx=01;35:*.mov=01;35:*.mpg=01;35:*.mpeg=01;35:*.m2v=01;35:*.mkv=01;35:*.webm=01;35:*.webp=01;35:*.ogm=01;35:*.mp4=01;35:*.m4v=01;35:*.mp4v=01;35:*.vob=01;35:*.qt=01;35:*.nuv=01;35:*.wmv=01;35:*.asf=01;35:*.rm=01;35:*.rmvb=01;35:*.flc=01;35:*.avi=01;35:*.fli=01;35:*.flv=01;35:*.gl=01;35:*.dl=01;35:*.xcf=01;35:*.xwd=01;35:*.yuv=01;35:*.cgm=01;35:*.emf=01;35:*.ogv=01;35:*.ogx=01;35:*.aac=00;36:*.au=00;36:*.flac=00;36:*.m4a=00;36:*.mid=00;36:*.midi=00;36:*.mka=00;36:*.mp3=00;36:*.mpc=00;36:*.ogg=00;36:*.ra=00;36:*.wav=00;36:*.oga=00;36:*.opus=00;36:*.spx=00;36:*.xspf=00;36:*~=00;90:*#=00;90:*.bak=00;90:*.crdownload=00;90:*.dpkg-dist=00;90:*.dpkg-new=00;90:*.dpkg-old=00;90:*.dpkg-tmp=00;90:*.old=00;90:*.orig=00;90:*.part=00;90:*.rej=00;90:*.rpmnew=00;90:*.rpmorig=00;90:*.rpmsave=00;90:*.swp=00;90:*.tmp=00;90:*.ucf-dist=00;90:*.ucf-new=00;90:*.ucf-old=00;90:', 'GNOME_TERMINAL_SERVICE': ':1.98', 'TERM_PROGRAM': 'vscode', 'SSH_AUTH_SOCK': '/run/user/1000/keyring/ssh', 'AMENT_PREFIX_PATH': '/home/jazib-manzoor/ros2_ws/install/tf2_learning:/home/jazib-manzoor/ros2_ws/install/robot_description:/home/jazib-manzoor/ros2_ws/install/my_first_robot:/home/jazib-manzoor/ros2_ws/install/my_robot_interfaces:/home/jazib-manzoor/ros2_ws/install/cmd_vel_bridge:/home/jazib-manzoor/ros2_ws/install/ble_localization:/opt/ros/jazzy', 'SHELL': '/bin/bash', 'QT_ACCESSIBILITY': '1', 'GDMSESSION': 'ubuntu', 'LESSCLOSE': '/usr/bin/lesspipe %s %s', 'GPG_AGENT_INFO': '/run/user/1000/gnupg/S.gpg-agent:0:1', 'ROS_AUTOMATIC_DISCOVERY_RANGE': 'SUBNET', 'QT_IM_MODULE': 'ibus', 'PWD': '/home/jazib-manzoor/ros2_ws/build/robot_description', 'XDG_CONFIG_DIRS': '/etc/xdg/xdg-ubuntu:/etc/xdg', 'COPILOT_DEBUG_NONCE': '6e66200d91d2a09f0588609208457d5d', 'XDG_DATA_DIRS': '/usr/share/ubuntu:/usr/share/gnome:/usr/local/share/:/usr/share/:/var/lib/snapd/desktop', 'PYTHONPATH': '/home/jazib-manzoor/ros2_ws/build/robot_description/prefix_override:/usr/lib/python3/dist-packages/colcon_core/task/python/colcon_distutils_commands:/home/jazib-manzoor/ros2_ws/install/robot_description/lib/python3.12/site-packages:/home/jazib-manzoor/ros2_ws/build/tf2_learning:/home/jazib-manzoor/ros2_ws/install/tf2_learning/lib/python3.12/site-packages:/home/jazib-manzoor/ros2_ws/build/robot_description:/home/jazib-manzoor/ros2_ws/install/robot_description/lib/python3.12/site-packages:/home/jazib-manzoor/ros2_ws/build/my_first_robot:/home/jazib-manzoor/ros2_ws/install/my_first_robot/lib/python3.12/site-packages:/home/jazib-manzoor/ros2_ws/install/my_robot_interfaces/lib/python3.12/site-packages:/home/jazib-manzoor/ros2_ws/build/cmd_vel_bridge:/home/jazib-manzoor/ros2_ws/install/cmd_vel_bridge/lib/python3.12/site-packages:/home/jazib-manzoor/ros2_ws/build/ble_localization:/home/jazib-manzoor/ros2_ws/install/ble_localization/lib/python3.12/site-packages:/opt/ros/jazzy/lib/python3.12/site-packages', 'COLCON': '1', 'MEMORY_PRESSURE_WRITE': 'c29tZSAyMDAwMDAgMjAwMDAwMAA=', 'VTE_VERSION': '7600', 'CMAKE_PREFIX_PATH': '/home/jazib-manzoor/ros2_ws/install/my_robot_interfaces:/opt/ros/jazzy/opt/gz_sim_vendor:/opt/ros/jazzy/opt/gz_sensors_vendor:/opt/ros/jazzy/opt/gz_physics_vendor:/opt/ros/jazzy/opt/sdformat_vendor:/opt/ros/jazzy/opt/gz_gui_vendor:/opt/ros/jazzy/opt/gz_transport_vendor:/opt/ros/jazzy/opt/gz_rendering_vendor:/opt/ros/jazzy/opt/gz_plugin_vendor:/opt/ros/jazzy/opt/gz_fuel_tools_vendor:/opt/ros/jazzy/opt/gz_msgs_vendor:/opt/ros/jazzy/opt/gz_common_vendor:/opt/ros/jazzy/opt/gz_math_vendor:/opt/ros/jazzy/opt/gz_utils_vendor:/opt/ros/jazzy/opt/gz_tools_vendor:/opt/ros/jazzy/opt/gz_ogre_next_vendor:/opt/ros/jazzy/opt/gz_dartsim_vendor:/opt/ros/jazzy/opt/gz_cmake_vendor'}, 'shell': False}
[3.633715] (cmd_vel_bridge) Command: {'cmd': ['/usr/bin/python3', '-W', 'ignore:setup.py install is deprecated', '-W', 'ignore:easy_install command is deprecated', 'setup.py', 'develop', '--editable', '--build-directory', '/home/jazib-manzoor/ros2_ws/build/cmd_vel_bridge/build', '--no-deps', 'symlink_data'], 'cwd': '/home/jazib-manzoor/ros2_ws/build/cmd_vel_bridge', 'env': {'PYTHON_BASIC_REPL': '1', 'LESSOPEN': '| /usr/bin/lesspipe %s', 'GZ_SIM_RESOURCE_PATH': '/opt/ros/jazzy/share', 'USER': 'jazib-manzoor', 'GZ_CONFIG_PATH': '/opt/ros/jazzy/opt/gz_sim_vendor/share/gz:/opt/ros/jazzy/opt/sdformat_vendor/share/gz:/opt/ros/jazzy/opt/gz_gui_vendor/share/gz:/opt/ros/jazzy/opt/gz_transport_vendor/share/gz:/opt/ros/jazzy/opt/gz_rendering_vendor/share/gz:/opt/ros/jazzy/opt/gz_plugin_vendor/share/gz:/opt/ros/jazzy/opt/gz_fuel_tools_vendor/share/gz:/opt/ros/jazzy/opt/gz_msgs_vendor/share/gz:/opt/ros/jazzy/opt/gz_common_vendor/share/gz', 'XDG_SESSION_TYPE': 'x11', 'SHLVL': '2', 'LD_LIBRARY_PATH': '/home/jazib-manzoor/ros2_ws/install/my_robot_interfaces/lib:/opt/ros/jazzy/opt/gz_sim_vendor/lib:/opt/ros/jazzy/opt/gz_sensors_vendor/lib:/opt/ros/jazzy/opt/gz_physics_vendor/lib:/opt/ros/jazzy/opt/sdformat_vendor/lib:/opt/ros/jazzy/opt/rviz_ogre_vendor/lib:/opt/ros/jazzy/lib/x86_64-linux-gnu:/opt/ros/jazzy/opt/gz_gui_vendor/lib:/opt/ros/jazzy/opt/gz_transport_vendor/lib:/opt/ros/jazzy/opt/gz_rendering_vendor/lib:/opt/ros/jazzy/opt/gz_plugin_vendor/lib:/opt/ros/jazzy/opt/gz_fuel_tools_vendor/lib:/opt/ros/jazzy/opt/gz_msgs_vendor/lib:/opt/ros/jazzy/opt/gz_common_vendor/lib:/opt/ros/jazzy/opt/gz_math_vendor/lib:/opt/ros/jazzy/opt/gz_utils_vendor/lib:/opt/ros/jazzy/opt/gz_tools_vendor/lib:/opt/ros/jazzy/opt/gz_ogre_next_vendor/lib:/opt/ros/jazzy/opt/gz_dartsim_vendor/lib:/opt/ros/jazzy/opt/gz_cmake_vendor/lib:/opt/ros/jazzy/lib', 'HOME': '/home/jazib-manzoor', 'CHROME_DESKTOP': 'code.desktop', 'OLDPWD': '/home/jazib-manzoor/ros2_ws', 'TERM_PROGRAM_VERSION': '1.131.0', 'DESKTOP_SESSION': 'ubuntu', 'ROS_PYTHON_VERSION': '3', 'GNOME_SHELL_SESSION_MODE': 'ubuntu', 'GTK_MODULES': 'gail:atk-bridge', 'PYDEVD_DISABLE_FILE_VALIDATION': '1', 'SYSTEMD_EXEC_PID': '2768', 'BUNDLED_DEBUGPY_PATH': '/home/jazib-manzoor/.vscode/extensions/ms-python.debugpy-2026.6.0-linux-x64/bundled/libs/debugpy', 'VSCODE_PYTHON_AUTOACTIVATE_GUARD': '1', 'GSM_SKIP_SSH_AGENT_WORKAROUND': 'true', 'DBUS_SESSION_BUS_ADDRESS': 'unix:path=/run/user/1000/bus', 'COLORTERM': 'truecolor', 'GNOME_KEYRING_CONTROL': '/run/user/1000/keyring', 'DEBUGINFOD_URLS': 'https://debuginfod.ubuntu.com', 'COLCON_PREFIX_PATH': '/home/jazib-manzoor/ros2_ws/install', 'ROS_DISTRO': 'jazzy', 'LOGNAME': 'jazib-manzoor', '_': '/usr/bin/colcon', 'ROS_VERSION': '2', 'MEMORY_PRESSURE_WATCH': '/sys/fs/cgroup/user.slice/user-1000.slice/user@1000.service/session.slice/org.gnome.SettingsDaemon.MediaKeys.service/memory.pressure', 'XDG_SESSION_CLASS': 'user', 'USERNAME': 'jazib-manzoor', 'TERM': 'xterm-256color', 'GNOME_DESKTOP_SESSION_ID': 'this-is-deprecated', 'FC_FONTATIONS': '1', 'WINDOWPATH': '2', 'PATH': '/home/jazib-manzoor/.config/Code/User/globalStorage/github.copilot-chat/debugCommand:/home/jazib-manzoor/.config/Code/User/globalStorage/github.copilot-chat/copilotCli:/opt/ros/jazzy/opt/gz_msgs_vendor/bin:/opt/ros/jazzy/opt/gz_tools_vendor/bin:/opt/ros/jazzy/opt/gz_ogre_next_vendor/bin:/opt/ros/jazzy/bin:/usr/local/sbin:/usr/local/bin:/usr/sbin:/usr/bin:/sbin:/bin:/usr/games:/usr/local/games:/snap/bin:/snap/bin:/home/jazib-manzoor/.vscode/extensions/ms-python.debugpy-2026.6.0-linux-x64/bundled/scripts/noConfigScripts', 'SESSION_MANAGER': 'local/Farz-Victus:@/tmp/.ICE-unix/2581,unix/Farz-Victus:/tmp/.ICE-unix/2581', 'XDG_MENU_PREFIX': 'gnome-', 'GNOME_TERMINAL_SCREEN': '/org/gnome/Terminal/screen/146f1ca5_b79a_4548_a834_75b673a72b41', 'XDG_RUNTIME_DIR': '/run/user/1000', 'GDK_BACKEND': 'x11', 'DISPLAY': ':1', 'VSCODE_DEBUGPY_ADAPTER_ENDPOINTS': '/home/jazib-manzoor/.vscode/extensions/ms-python.debugpy-2026.6.0-linux-x64/.noConfigDebugAdapterEndpoints/endpoint-bbe4a8b07941a9c9.txt', 'LANG': 'en_US.UTF-8', 'XDG_CURRENT_DESKTOP': 'ubuntu:GNOME', 'PYTHONSTARTUP': '/home/jazib-manzoor/.config/Code/User/workspaceStorage/fd8d9a3fcaf45405274ce501d3ea82d0/ms-python.python/pythonrc.py', 'XMODIFIERS': '@im=ibus', 'XDG_SESSION_DESKTOP': 'ubuntu', 'XAUTHORITY': '/run/user/1000/gdm/Xauthority', 'LS_COLORS': 'rs=0:di=01;34:ln=01;36:mh=00:pi=40;33:so=01;35:do=01;35:bd=40;33;01:cd=40;33;01:or=40;31;01:mi=00:su=37;41:sg=30;43:ca=00:tw=30;42:ow=34;42:st=37;44:ex=01;32:*.tar=01;31:*.tgz=01;31:*.arc=01;31:*.arj=01;31:*.taz=01;31:*.lha=01;31:*.lz4=01;31:*.lzh=01;31:*.lzma=01;31:*.tlz=01;31:*.txz=01;31:*.tzo=01;31:*.t7z=01;31:*.zip=01;31:*.z=01;31:*.dz=01;31:*.gz=01;31:*.lrz=01;31:*.lz=01;31:*.lzo=01;31:*.xz=01;31:*.zst=01;31:*.tzst=01;31:*.bz2=01;31:*.bz=01;31:*.tbz=01;31:*.tbz2=01;31:*.tz=01;31:*.deb=01;31:*.rpm=01;31:*.jar=01;31:*.war=01;31:*.ear=01;31:*.sar=01;31:*.rar=01;31:*.alz=01;31:*.ace=01;31:*.zoo=01;31:*.cpio=01;31:*.7z=01;31:*.rz=01;31:*.cab=01;31:*.wim=01;31:*.swm=01;31:*.dwm=01;31:*.esd=01;31:*.avif=01;35:*.jpg=01;35:*.jpeg=01;35:*.mjpg=01;35:*.mjpeg=01;35:*.gif=01;35:*.bmp=01;35:*.pbm=01;35:*.pgm=01;35:*.ppm=01;35:*.tga=01;35:*.xbm=01;35:*.xpm=01;35:*.tif=01;35:*.tiff=01;35:*.png=01;35:*.svg=01;35:*.svgz=01;35:*.mng=01;35:*.pcx=01;35:*.mov=01;35:*.mpg=01;35:*.mpeg=01;35:*.m2v=01;35:*.mkv=01;35:*.webm=01;35:*.webp=01;35:*.ogm=01;35:*.mp4=01;35:*.m4v=01;35:*.mp4v=01;35:*.vob=01;35:*.qt=01;35:*.nuv=01;35:*.wmv=01;35:*.asf=01;35:*.rm=01;35:*.rmvb=01;35:*.flc=01;35:*.avi=01;35:*.fli=01;35:*.flv=01;35:*.gl=01;35:*.dl=01;35:*.xcf=01;35:*.xwd=01;35:*.yuv=01;35:*.cgm=01;35:*.emf=01;35:*.ogv=01;35:*.ogx=01;35:*.aac=00;36:*.au=00;36:*.flac=00;36:*.m4a=00;36:*.mid=00;36:*.midi=00;36:*.mka=00;36:*.mp3=00;36:*.mpc=00;36:*.ogg=00;36:*.ra=00;36:*.wav=00;36:*.oga=00;36:*.opus=00;36:*.spx=00;36:*.xspf=00;36:*~=00;90:*#=00;90:*.bak=00;90:*.crdownload=00;90:*.dpkg-dist=00;90:*.dpkg-new=00;90:*.dpkg-old=00;90:*.dpkg-tmp=00;90:*.old=00;90:*.orig=00;90:*.part=00;90:*.rej=00;90:*.rpmnew=00;90:*.rpmorig=00;90:*.rpmsave=00;90:*.swp=00;90:*.tmp=00;90:*.ucf-dist=00;90:*.ucf-new=00;90:*.ucf-old=00;90:', 'GNOME_TERMINAL_SERVICE': ':1.98', 'TERM_PROGRAM': 'vscode', 'SSH_AUTH_SOCK': '/run/user/1000/keyring/ssh', 'AMENT_PREFIX_PATH': '/home/jazib-manzoor/ros2_ws/install/tf2_learning:/home/jazib-manzoor/ros2_ws/install/robot_description:/home/jazib-manzoor/ros2_ws/install/my_first_robot:/home/jazib-manzoor/ros2_ws/install/my_robot_interfaces:/home/jazib-manzoor/ros2_ws/install/cmd_vel_bridge:/home/jazib-manzoor/ros2_ws/install/ble_localization:/opt/ros/jazzy', 'SHELL': '/bin/bash', 'QT_ACCESSIBILITY': '1', 'GDMSESSION': 'ubuntu', 'LESSCLOSE': '/usr/bin/lesspipe %s %s', 'GPG_AGENT_INFO': '/run/user/1000/gnupg/S.gpg-agent:0:1', 'ROS_AUTOMATIC_DISCOVERY_RANGE': 'SUBNET', 'QT_IM_MODULE': 'ibus', 'PWD': '/home/jazib-manzoor/ros2_ws/build/cmd_vel_bridge', 'XDG_CONFIG_DIRS': '/etc/xdg/xdg-ubuntu:/etc/xdg', 'COPILOT_DEBUG_NONCE': '6e66200d91d2a09f0588609208457d5d', 'XDG_DATA_DIRS': '/usr/share/ubuntu:/usr/share/gnome:/usr/local/share/:/usr/share/:/var/lib/snapd/desktop', 'PYTHONPATH': '/home/jazib-manzoor/ros2_ws/build/cmd_vel_bridge/prefix_override:/usr/lib/python3/dist-packages/colcon_core/task/python/colcon_distutils_commands:/home/jazib-manzoor/ros2_ws/install/cmd_vel_bridge/lib/python3.12/site-packages:/home/jazib-manzoor/ros2_ws/build/tf2_learning:/home/jazib-manzoor/ros2_ws/install/tf2_learning/lib/python3.12/site-packages:/home/jazib-manzoor/ros2_ws/build/robot_description:/home/jazib-manzoor/ros2_ws/install/robot_description/lib/python3.12/site-packages:/home/jazib-manzoor/ros2_ws/build/my_first_robot:/home/jazib-manzoor/ros2_ws/install/my_first_robot/lib/python3.12/site-packages:/home/jazib-manzoor/ros2_ws/install/my_robot_interfaces/lib/python3.12/site-packages:/home/jazib-manzoor/ros2_ws/build/cmd_vel_bridge:/home/jazib-manzoor/ros2_ws/install/cmd_vel_bridge/lib/python3.12/site-packages:/home/jazib-manzoor/ros2_ws/build/ble_localization:/home/jazib-manzoor/ros2_ws/install/ble_localization/lib/python3.12/site-packages:/opt/ros/jazzy/lib/python3.12/site-packages', 'COLCON': '1', 'MEMORY_PRESSURE_WRITE': 'c29tZSAyMDAwMDAgMjAwMDAwMAA=', 'VTE_VERSION': '7600', 'CMAKE_PREFIX_PATH': '/home/jazib-manzoor/ros2_ws/install/my_robot_interfaces:/opt/ros/jazzy/opt/gz_sim_vendor:/opt/ros/jazzy/opt/gz_sensors_vendor:/opt/ros/jazzy/opt/gz_physics_vendor:/opt/ros/jazzy/opt/sdformat_vendor:/opt/ros/jazzy/opt/gz_gui_vendor:/opt/ros/jazzy/opt/gz_transport_vendor:/opt/ros/jazzy/opt/gz_rendering_vendor:/opt/ros/jazzy/opt/gz_plugin_vendor:/opt/ros/jazzy/opt/gz_fuel_tools_vendor:/opt/ros/jazzy/opt/gz_msgs_vendor:/opt/ros/jazzy/opt/gz_common_vendor:/opt/ros/jazzy/opt/gz_math_vendor:/opt/ros/jazzy/opt/gz_utils_vendor:/opt/ros/jazzy/opt/gz_tools_vendor:/opt/ros/jazzy/opt/gz_ogre_next_vendor:/opt/ros/jazzy/opt/gz_dartsim_vendor:/opt/ros/jazzy/opt/gz_cmake_vendor'}, 'shell': False}
[3.712983] (-) TimerEvent: {}
[3.813394] (-) TimerEvent: {}
[3.907031] (my_first_robot) Command: {'cmd': ['/usr/bin/python3', '-W', 'ignore:setup.py install is deprecated', '-W', 'ignore:easy_install command is deprecated', 'setup.py', 'develop', '--editable', '--build-directory', '/home/jazib-manzoor/ros2_ws/build/my_first_robot/build', '--no-deps', 'symlink_data'], 'cwd': '/home/jazib-manzoor/ros2_ws/build/my_first_robot', 'env': {'PYTHON_BASIC_REPL': '1', 'LESSOPEN': '| /usr/bin/lesspipe %s', 'GZ_SIM_RESOURCE_PATH': '/opt/ros/jazzy/share', 'USER': 'jazib-manzoor', 'GZ_CONFIG_PATH': '/opt/ros/jazzy/opt/gz_sim_vendor/share/gz:/opt/ros/jazzy/opt/sdformat_vendor/share/gz:/opt/ros/jazzy/opt/gz_gui_vendor/share/gz:/opt/ros/jazzy/opt/gz_transport_vendor/share/gz:/opt/ros/jazzy/opt/gz_rendering_vendor/share/gz:/opt/ros/jazzy/opt/gz_plugin_vendor/share/gz:/opt/ros/jazzy/opt/gz_fuel_tools_vendor/share/gz:/opt/ros/jazzy/opt/gz_msgs_vendor/share/gz:/opt/ros/jazzy/opt/gz_common_vendor/share/gz', 'XDG_SESSION_TYPE': 'x11', 'SHLVL': '2', 'LD_LIBRARY_PATH': '/home/jazib-manzoor/ros2_ws/install/my_robot_interfaces/lib:/opt/ros/jazzy/opt/gz_sim_vendor/lib:/opt/ros/jazzy/opt/gz_sensors_vendor/lib:/opt/ros/jazzy/opt/gz_physics_vendor/lib:/opt/ros/jazzy/opt/sdformat_vendor/lib:/opt/ros/jazzy/opt/rviz_ogre_vendor/lib:/opt/ros/jazzy/lib/x86_64-linux-gnu:/opt/ros/jazzy/opt/gz_gui_vendor/lib:/opt/ros/jazzy/opt/gz_transport_vendor/lib:/opt/ros/jazzy/opt/gz_rendering_vendor/lib:/opt/ros/jazzy/opt/gz_plugin_vendor/lib:/opt/ros/jazzy/opt/gz_fuel_tools_vendor/lib:/opt/ros/jazzy/opt/gz_msgs_vendor/lib:/opt/ros/jazzy/opt/gz_common_vendor/lib:/opt/ros/jazzy/opt/gz_math_vendor/lib:/opt/ros/jazzy/opt/gz_utils_vendor/lib:/opt/ros/jazzy/opt/gz_tools_vendor/lib:/opt/ros/jazzy/opt/gz_ogre_next_vendor/lib:/opt/ros/jazzy/opt/gz_dartsim_vendor/lib:/opt/ros/jazzy/opt/gz_cmake_vendor/lib:/opt/ros/jazzy/lib', 'HOME': '/home/jazib-manzoor', 'CHROME_DESKTOP': 'code.desktop', 'OLDPWD': '/home/jazib-manzoor/ros2_ws', 'TERM_PROGRAM_VERSION': '1.131.0', 'DESKTOP_SESSION': 'ubuntu', 'ROS_PYTHON_VERSION': '3', 'GNOME_SHELL_SESSION_MODE': 'ubuntu', 'GTK_MODULES': 'gail:atk-bridge', 'PYDEVD_DISABLE_FILE_VALIDATION': '1', 'SYSTEMD_EXEC_PID': '2768', 'BUNDLED_DEBUGPY_PATH': '/home/jazib-manzoor/.vscode/extensions/ms-python.debugpy-2026.6.0-linux-x64/bundled/libs/debugpy', 'VSCODE_PYTHON_AUTOACTIVATE_GUARD': '1', 'GSM_SKIP_SSH_AGENT_WORKAROUND': 'true', 'DBUS_SESSION_BUS_ADDRESS': 'unix:path=/run/user/1000/bus', 'COLORTERM': 'truecolor', 'GNOME_KEYRING_CONTROL': '/run/user/1000/keyring', 'DEBUGINFOD_URLS': 'https://debuginfod.ubuntu.com', 'COLCON_PREFIX_PATH': '/home/jazib-manzoor/ros2_ws/install', 'ROS_DISTRO': 'jazzy', 'LOGNAME': 'jazib-manzoor', '_': '/usr/bin/colcon', 'ROS_VERSION': '2', 'MEMORY_PRESSURE_WATCH': '/sys/fs/cgroup/user.slice/user-1000.slice/user@1000.service/session.slice/org.gnome.SettingsDaemon.MediaKeys.service/memory.pressure', 'XDG_SESSION_CLASS': 'user', 'USERNAME': 'jazib-manzoor', 'TERM': 'xterm-256color', 'GNOME_DESKTOP_SESSION_ID': 'this-is-deprecated', 'FC_FONTATIONS': '1', 'WINDOWPATH': '2', 'PATH': '/home/jazib-manzoor/.config/Code/User/globalStorage/github.copilot-chat/debugCommand:/home/jazib-manzoor/.config/Code/User/globalStorage/github.copilot-chat/copilotCli:/opt/ros/jazzy/opt/gz_msgs_vendor/bin:/opt/ros/jazzy/opt/gz_tools_vendor/bin:/opt/ros/jazzy/opt/gz_ogre_next_vendor/bin:/opt/ros/jazzy/bin:/usr/local/sbin:/usr/local/bin:/usr/sbin:/usr/bin:/sbin:/bin:/usr/games:/usr/local/games:/snap/bin:/snap/bin:/home/jazib-manzoor/.vscode/extensions/ms-python.debugpy-2026.6.0-linux-x64/bundled/scripts/noConfigScripts', 'SESSION_MANAGER': 'local/Farz-Victus:@/tmp/.ICE-unix/2581,unix/Farz-Victus:/tmp/.ICE-unix/2581', 'XDG_MENU_PREFIX': 'gnome-', 'GNOME_TERMINAL_SCREEN': '/org/gnome/Terminal/screen/146f1ca5_b79a_4548_a834_75b673a72b41', 'XDG_RUNTIME_DIR': '/run/user/1000', 'GDK_BACKEND': 'x11', 'DISPLAY': ':1', 'VSCODE_DEBUGPY_ADAPTER_ENDPOINTS': '/home/jazib-manzoor/.vscode/extensions/ms-python.debugpy-2026.6.0-linux-x64/.noConfigDebugAdapterEndpoints/endpoint-bbe4a8b07941a9c9.txt', 'LANG': 'en_US.UTF-8', 'XDG_CURRENT_DESKTOP': 'ubuntu:GNOME', 'PYTHONSTARTUP': '/home/jazib-manzoor/.config/Code/User/workspaceStorage/fd8d9a3fcaf45405274ce501d3ea82d0/ms-python.python/pythonrc.py', 'XMODIFIERS': '@im=ibus', 'XDG_SESSION_DESKTOP': 'ubuntu', 'XAUTHORITY': '/run/user/1000/gdm/Xauthority', 'LS_COLORS': 'rs=0:di=01;34:ln=01;36:mh=00:pi=40;33:so=01;35:do=01;35:bd=40;33;01:cd=40;33;01:or=40;31;01:mi=00:su=37;41:sg=30;43:ca=00:tw=30;42:ow=34;42:st=37;44:ex=01;32:*.tar=01;31:*.tgz=01;31:*.arc=01;31:*.arj=01;31:*.taz=01;31:*.lha=01;31:*.lz4=01;31:*.lzh=01;31:*.lzma=01;31:*.tlz=01;31:*.txz=01;31:*.tzo=01;31:*.t7z=01;31:*.zip=01;31:*.z=01;31:*.dz=01;31:*.gz=01;31:*.lrz=01;31:*.lz=01;31:*.lzo=01;31:*.xz=01;31:*.zst=01;31:*.tzst=01;31:*.bz2=01;31:*.bz=01;31:*.tbz=01;31:*.tbz2=01;31:*.tz=01;31:*.deb=01;31:*.rpm=01;31:*.jar=01;31:*.war=01;31:*.ear=01;31:*.sar=01;31:*.rar=01;31:*.alz=01;31:*.ace=01;31:*.zoo=01;31:*.cpio=01;31:*.7z=01;31:*.rz=01;31:*.cab=01;31:*.wim=01;31:*.swm=01;31:*.dwm=01;31:*.esd=01;31:*.avif=01;35:*.jpg=01;35:*.jpeg=01;35:*.mjpg=01;35:*.mjpeg=01;35:*.gif=01;35:*.bmp=01;35:*.pbm=01;35:*.pgm=01;35:*.ppm=01;35:*.tga=01;35:*.xbm=01;35:*.xpm=01;35:*.tif=01;35:*.tiff=01;35:*.png=01;35:*.svg=01;35:*.svgz=01;35:*.mng=01;35:*.pcx=01;35:*.mov=01;35:*.mpg=01;35:*.mpeg=01;35:*.m2v=01;35:*.mkv=01;35:*.webm=01;35:*.webp=01;35:*.ogm=01;35:*.mp4=01;35:*.m4v=01;35:*.mp4v=01;35:*.vob=01;35:*.qt=01;35:*.nuv=01;35:*.wmv=01;35:*.asf=01;35:*.rm=01;35:*.rmvb=01;35:*.flc=01;35:*.avi=01;35:*.fli=01;35:*.flv=01;35:*.gl=01;35:*.dl=01;35:*.xcf=01;35:*.xwd=01;35:*.yuv=01;35:*.cgm=01;35:*.emf=01;35:*.ogv=01;35:*.ogx=01;35:*.aac=00;36:*.au=00;36:*.flac=00;36:*.m4a=00;36:*.mid=00;36:*.midi=00;36:*.mka=00;36:*.mp3=00;36:*.mpc=00;36:*.ogg=00;36:*.ra=00;36:*.wav=00;36:*.oga=00;36:*.opus=00;36:*.spx=00;36:*.xspf=00;36:*~=00;90:*#=00;90:*.bak=00;90:*.crdownload=00;90:*.dpkg-dist=00;90:*.dpkg-new=00;90:*.dpkg-old=00;90:*.dpkg-tmp=00;90:*.old=00;90:*.orig=00;90:*.part=00;90:*.rej=00;90:*.rpmnew=00;90:*.rpmorig=00;90:*.rpmsave=00;90:*.swp=00;90:*.tmp=00;90:*.ucf-dist=00;90:*.ucf-new=00;90:*.ucf-old=00;90:', 'GNOME_TERMINAL_SERVICE': ':1.98', 'TERM_PROGRAM': 'vscode', 'SSH_AUTH_SOCK': '/run/user/1000/keyring/ssh', 'AMENT_PREFIX_PATH': '/home/jazib-manzoor/ros2_ws/install/tf2_learning:/home/jazib-manzoor/ros2_ws/install/robot_description:/home/jazib-manzoor/ros2_ws/install/my_first_robot:/home/jazib-manzoor/ros2_ws/install/my_robot_interfaces:/home/jazib-manzoor/ros2_ws/install/cmd_vel_bridge:/home/jazib-manzoor/ros2_ws/install/ble_localization:/opt/ros/jazzy', 'SHELL': '/bin/bash', 'QT_ACCESSIBILITY': '1', 'GDMSESSION': 'ubuntu', 'LESSCLOSE': '/usr/bin/lesspipe %s %s', 'GPG_AGENT_INFO': '/run/user/1000/gnupg/S.gpg-agent:0:1', 'ROS_AUTOMATIC_DISCOVERY_RANGE': 'SUBNET', 'QT_IM_MODULE': 'ibus', 'PWD': '/home/jazib-manzoor/ros2_ws/build/my_first_robot', 'XDG_CONFIG_DIRS': '/etc/xdg/xdg-ubuntu:/etc/xdg', 'COPILOT_DEBUG_NONCE': '6e66200d91d2a09f0588609208457d5d', 'XDG_DATA_DIRS': '/usr/share/ubuntu:/usr/share/gnome:/usr/local/share/:/usr/share/:/var/lib/snapd/desktop', 'PYTHONPATH': '/home/jazib-manzoor/ros2_ws/build/my_first_robot/prefix_override:/usr/lib/python3/dist-packages/colcon_core/task/python/colcon_distutils_commands:/home/jazib-manzoor/ros2_ws/install/my_first_robot/lib/python3.12/site-packages:/home/jazib-manzoor/ros2_ws/install/my_robot_interfaces/lib/python3.12/site-packages:/home/jazib-manzoor/ros2_ws/build/tf2_learning:/home/jazib-manzoor/ros2_ws/install/tf2_learning/lib/python3.12/site-packages:/home/jazib-manzoor/ros2_ws/build/robot_description:/home/jazib-manzoor/ros2_ws/install/robot_description/lib/python3.12/site-packages:/home/jazib-manzoor/ros2_ws/build/my_first_robot:/home/jazib-manzoor/ros2_ws/install/my_first_robot/lib/python3.12/site-packages:/home/jazib-manzoor/ros2_ws/build/cmd_vel_bridge:/home/jazib-manzoor/ros2_ws/install/cmd_vel_bridge/lib/python3.12/site-packages:/home/jazib-manzoor/ros2_ws/build/ble_localization:/home/jazib-manzoor/ros2_ws/install/ble_localization/lib/python3.12/site-packages:/opt/ros/jazzy/lib/python3.12/site-packages', 'COLCON': '1', 'MEMORY_PRESSURE_WRITE': 'c29tZSAyMDAwMDAgMjAwMDAwMAA=', 'VTE_VERSION': '7600', 'CMAKE_PREFIX_PATH': '/home/jazib-manzoor/ros2_ws/install/my_robot_interfaces:/opt/ros/jazzy/opt/gz_sim_vendor:/opt/ros/jazzy/opt/gz_sensors_vendor:/opt/ros/jazzy/opt/gz_physics_vendor:/opt/ros/jazzy/opt/sdformat_vendor:/opt/ros/jazzy/opt/gz_gui_vendor:/opt/ros/jazzy/opt/gz_transport_vendor:/opt/ros/jazzy/opt/gz_rendering_vendor:/opt/ros/jazzy/opt/gz_plugin_vendor:/opt/ros/jazzy/opt/gz_fuel_tools_vendor:/opt/ros/jazzy/opt/gz_msgs_vendor:/opt/ros/jazzy/opt/gz_common_vendor:/opt/ros/jazzy/opt/gz_math_vendor:/opt/ros/jazzy/opt/gz_utils_vendor:/opt/ros/jazzy/opt/gz_tools_vendor:/opt/ros/jazzy/opt/gz_ogre_next_vendor:/opt/ros/jazzy/opt/gz_dartsim_vendor:/opt/ros/jazzy/opt/gz_cmake_vendor'}, 'shell': False}
[3.913482] (-) TimerEvent: {}
[4.013848] (-) TimerEvent: {}
[4.114256] (-) TimerEvent: {}
[4.184081] (tf2_learning) StdoutLine: {'line': b'running develop\n'}
[4.184653] (ble_localization) StdoutLine: {'line': b'running develop\n'}
[4.206911] (cmd_vel_bridge) StdoutLine: {'line': b'running develop\n'}
[4.208825] (robot_description) StdoutLine: {'line': b'running develop\n'}
[4.214344] (-) TimerEvent: {}
[4.314716] (-) TimerEvent: {}
[4.415114] (-) TimerEvent: {}
[4.490295] (my_first_robot) StdoutLine: {'line': b'running develop\n'}
[4.515220] (-) TimerEvent: {}
[4.562461] (ble_localization) StdoutLine: {'line': b'running egg_info\n'}
[4.563463] (tf2_learning) StdoutLine: {'line': b'running egg_info\n'}
[4.587383] (robot_description) StdoutLine: {'line': b'running egg_info\n'}
[4.588639] (cmd_vel_bridge) StdoutLine: {'line': b'running egg_info\n'}
[4.597154] (tf2_learning) StdoutLine: {'line': b'writing tf2_learning.egg-info/PKG-INFO\n'}
[4.597621] (ble_localization) StdoutLine: {'line': b'writing ble_localization.egg-info/PKG-INFO\n'}
[4.598005] (tf2_learning) StdoutLine: {'line': b'writing dependency_links to tf2_learning.egg-info/dependency_links.txt\n'}
[4.598264] (ble_localization) StdoutLine: {'line': b'writing dependency_links to ble_localization.egg-info/dependency_links.txt\n'}
[4.598532] (tf2_learning) StdoutLine: {'line': b'writing entry points to tf2_learning.egg-info/entry_points.txt\n'}
[4.598855] (tf2_learning) StdoutLine: {'line': b'writing requirements to tf2_learning.egg-info/requires.txt\n'}
[4.599203] (tf2_learning) StdoutLine: {'line': b'writing top-level names to tf2_learning.egg-info/top_level.txt\n'}
[4.599451] (ble_localization) StdoutLine: {'line': b'writing entry points to ble_localization.egg-info/entry_points.txt\n'}
[4.599723] (ble_localization) StdoutLine: {'line': b'writing requirements to ble_localization.egg-info/requires.txt\n'}
[4.599963] (ble_localization) StdoutLine: {'line': b'writing top-level names to ble_localization.egg-info/top_level.txt\n'}
[4.615316] (-) TimerEvent: {}
[4.622596] (cmd_vel_bridge) StdoutLine: {'line': b'writing cmd_vel_bridge.egg-info/PKG-INFO\n'}
[4.623083] (cmd_vel_bridge) StdoutLine: {'line': b'writing dependency_links to cmd_vel_bridge.egg-info/dependency_links.txt\n'}
[4.623494] (cmd_vel_bridge) StdoutLine: {'line': b'writing entry points to cmd_vel_bridge.egg-info/entry_points.txt\n'}
[4.623875] (robot_description) StdoutLine: {'line': b'writing robot_description.egg-info/PKG-INFO\n'}
[4.624192] (cmd_vel_bridge) StdoutLine: {'line': b'writing requirements to cmd_vel_bridge.egg-info/requires.txt\n'}
[4.624491] (cmd_vel_bridge) StdoutLine: {'line': b'writing top-level names to cmd_vel_bridge.egg-info/top_level.txt\n'}
[4.624792] (robot_description) StdoutLine: {'line': b'writing dependency_links to robot_description.egg-info/dependency_links.txt\n'}
[4.625119] (robot_description) StdoutLine: {'line': b'writing requirements to robot_description.egg-info/requires.txt\n'}
[4.625347] (robot_description) StdoutLine: {'line': b'writing top-level names to robot_description.egg-info/top_level.txt\n'}
[4.670050] (tf2_learning) StdoutLine: {'line': b"reading manifest file 'tf2_learning.egg-info/SOURCES.txt'\n"}
[4.670511] (ble_localization) StdoutLine: {'line': b"reading manifest file 'ble_localization.egg-info/SOURCES.txt'\n"}
[4.671315] (tf2_learning) StdoutLine: {'line': b"writing manifest file 'tf2_learning.egg-info/SOURCES.txt'\n"}
[4.671650] (ble_localization) StdoutLine: {'line': b"writing manifest file 'ble_localization.egg-info/SOURCES.txt'\n"}
[4.692466] (cmd_vel_bridge) StdoutLine: {'line': b"reading manifest file 'cmd_vel_bridge.egg-info/SOURCES.txt'\n"}
[4.693670] (cmd_vel_bridge) StdoutLine: {'line': b"writing manifest file 'cmd_vel_bridge.egg-info/SOURCES.txt'\n"}
[4.694370] (robot_description) StdoutLine: {'line': b"reading manifest file 'robot_description.egg-info/SOURCES.txt'\n"}
[4.695887] (robot_description) StdoutLine: {'line': b"writing manifest file 'robot_description.egg-info/SOURCES.txt'\n"}
[4.707050] (tf2_learning) StdoutLine: {'line': b'running build_ext\n'}
[4.707375] (tf2_learning) StdoutLine: {'line': b'Creating /home/jazib-manzoor/ros2_ws/install/tf2_learning/lib/python3.12/site-packages/tf2-learning.egg-link (link to .)\n'}
[4.708332] (tf2_learning) StdoutLine: {'line': b'Installing marker_publisher script to /home/jazib-manzoor/ros2_ws/install/tf2_learning/lib/tf2_learning\n'}
[4.708830] (tf2_learning) StdoutLine: {'line': b'Installing tf_broadcaster script to /home/jazib-manzoor/ros2_ws/install/tf2_learning/lib/tf2_learning\n'}
[4.709155] (ble_localization) StdoutLine: {'line': b'running build_ext\n'}
[4.709382] (ble_localization) StdoutLine: {'line': b'Creating /home/jazib-manzoor/ros2_ws/install/ble_localization/lib/python3.12/site-packages/ble-localization.egg-link (link to .)\n'}
[4.709653] (tf2_learning) StdoutLine: {'line': b'Installing tf_listener script to /home/jazib-manzoor/ros2_ws/install/tf2_learning/lib/tf2_learning\n'}
[4.709792] (tf2_learning) StdoutLine: {'line': b'\n'}
[4.709963] (tf2_learning) StdoutLine: {'line': b'Installed /home/jazib-manzoor/ros2_ws/build/tf2_learning\n'}
[4.710080] (tf2_learning) StdoutLine: {'line': b'running symlink_data\n'}
[4.710689] (ble_localization) StdoutLine: {'line': b'Installing beacon_node script to /home/jazib-manzoor/ros2_ws/install/ble_localization/lib/ble_localization\n'}
[4.711085] (ble_localization) StdoutLine: {'line': b'Installing localization_node script to /home/jazib-manzoor/ros2_ws/install/ble_localization/lib/ble_localization\n'}
[4.711377] (ble_localization) StdoutLine: {'line': b'Installing robot_node script to /home/jazib-manzoor/ros2_ws/install/ble_localization/lib/ble_localization\n'}
[4.711748] (ble_localization) StdoutLine: {'line': b'Installing rssi_generator script to /home/jazib-manzoor/ros2_ws/install/ble_localization/lib/ble_localization\n'}
[4.712026] (ble_localization) StdoutLine: {'line': b'Installing visualizer script to /home/jazib-manzoor/ros2_ws/install/ble_localization/lib/ble_localization\n'}
[4.712512] (ble_localization) StdoutLine: {'line': b'\n'}
[4.712757] (ble_localization) StdoutLine: {'line': b'Installed /home/jazib-manzoor/ros2_ws/build/ble_localization\n'}
[4.712916] (ble_localization) StdoutLine: {'line': b'running symlink_data\n'}
[4.715430] (-) TimerEvent: {}
[4.733385] (cmd_vel_bridge) StdoutLine: {'line': b'running build_ext\n'}
[4.733836] (cmd_vel_bridge) StdoutLine: {'line': b'Creating /home/jazib-manzoor/ros2_ws/install/cmd_vel_bridge/lib/python3.12/site-packages/cmd-vel-bridge.egg-link (link to .)\n'}
[4.734994] (cmd_vel_bridge) StdoutLine: {'line': b'Installing cmd_vel_bridge script to /home/jazib-manzoor/ros2_ws/install/cmd_vel_bridge/lib/cmd_vel_bridge\n'}
[4.735545] (cmd_vel_bridge) StdoutLine: {'line': b'\n'}
[4.735906] (cmd_vel_bridge) StdoutLine: {'line': b'Installed /home/jazib-manzoor/ros2_ws/build/cmd_vel_bridge\n'}
[4.736135] (cmd_vel_bridge) StdoutLine: {'line': b'running symlink_data\n'}
[4.737575] (robot_description) StdoutLine: {'line': b'running build_ext\n'}
[4.737861] (robot_description) StdoutLine: {'line': b'Creating /home/jazib-manzoor/ros2_ws/install/robot_description/lib/python3.12/site-packages/robot-description.egg-link (link to .)\n'}
[4.738990] (robot_description) StdoutLine: {'line': b'\n'}
[4.739233] (robot_description) StdoutLine: {'line': b'Installed /home/jazib-manzoor/ros2_ws/build/robot_description\n'}
[4.739412] (robot_description) StdoutLine: {'line': b'running symlink_data\n'}
[4.801117] (tf2_learning) CommandEnded: {'returncode': 0}
[4.815719] (tf2_learning) JobEnded: {'identifier': 'tf2_learning', 'rc': 0}
[4.816880] (-) TimerEvent: {}
[4.818529] (ble_localization) CommandEnded: {'returncode': 0}
[4.831573] (ble_localization) JobEnded: {'identifier': 'ble_localization', 'rc': 0}
[4.833521] (cmd_vel_bridge) CommandEnded: {'returncode': 0}
[4.848373] (cmd_vel_bridge) JobEnded: {'identifier': 'cmd_vel_bridge', 'rc': 0}
[4.851002] (robot_description) CommandEnded: {'returncode': 0}
[4.865466] (robot_description) JobEnded: {'identifier': 'robot_description', 'rc': 0}
[4.895468] (my_first_robot) StdoutLine: {'line': b'running egg_info\n'}
[4.917012] (-) TimerEvent: {}
[4.935862] (my_first_robot) StdoutLine: {'line': b'writing my_first_robot.egg-info/PKG-INFO\n'}
[4.936516] (my_first_robot) StdoutLine: {'line': b'writing dependency_links to my_first_robot.egg-info/dependency_links.txt\n'}
[4.936984] (my_first_robot) StdoutLine: {'line': b'writing entry points to my_first_robot.egg-info/entry_points.txt\n'}
[4.937390] (my_first_robot) StdoutLine: {'line': b'writing requirements to my_first_robot.egg-info/requires.txt\n'}
[4.937779] (my_first_robot) StdoutLine: {'line': b'writing top-level names to my_first_robot.egg-info/top_level.txt\n'}
[5.011887] (my_first_robot) StdoutLine: {'line': b"reading manifest file 'my_first_robot.egg-info/SOURCES.txt'\n"}
[5.013394] (my_first_robot) StdoutLine: {'line': b"writing manifest file 'my_first_robot.egg-info/SOURCES.txt'\n"}
[5.017126] (-) TimerEvent: {}
[5.052640] (my_first_robot) StdoutLine: {'line': b'running build_ext\n'}
[5.053047] (my_first_robot) StdoutLine: {'line': b'Creating /home/jazib-manzoor/ros2_ws/install/my_first_robot/lib/python3.12/site-packages/my-first-robot.egg-link (link to .)\n'}
[5.054084] (my_first_robot) StdoutLine: {'line': b'Installing action_client script to /home/jazib-manzoor/ros2_ws/install/my_first_robot/lib/my_first_robot\n'}
[5.054447] (my_first_robot) StdoutLine: {'line': b'Installing action_server script to /home/jazib-manzoor/ros2_ws/install/my_first_robot/lib/my_first_robot\n'}
[5.054779] (my_first_robot) StdoutLine: {'line': b'Installing hello_node script to /home/jazib-manzoor/ros2_ws/install/my_first_robot/lib/my_first_robot\n'}
[5.055053] (my_first_robot) StdoutLine: {'line': b'Installing my_first_subscriber script to /home/jazib-manzoor/ros2_ws/install/my_first_robot/lib/my_first_robot\n'}
[5.055446] (my_first_robot) StdoutLine: {'line': b'Installing publisher_node script to /home/jazib-manzoor/ros2_ws/install/my_first_robot/lib/my_first_robot\n'}
[5.055770] (my_first_robot) StdoutLine: {'line': b'Installing service_client script to /home/jazib-manzoor/ros2_ws/install/my_first_robot/lib/my_first_robot\n'}
[5.056045] (my_first_robot) StdoutLine: {'line': b'Installing service_server script to /home/jazib-manzoor/ros2_ws/install/my_first_robot/lib/my_first_robot\n'}
[5.056471] (my_first_robot) StdoutLine: {'line': b'\n'}
[5.056750] (my_first_robot) StdoutLine: {'line': b'Installed /home/jazib-manzoor/ros2_ws/build/my_first_robot\n'}
[5.056894] (my_first_robot) StdoutLine: {'line': b'running symlink_data\n'}
[5.100334] (my_first_robot) CommandEnded: {'returncode': 0}
[5.113382] (my_first_robot) JobEnded: {'identifier': 'my_first_robot', 'rc': 0}
[5.115008] (-) EventReactorShutdown: {}
